name,brand,price
Apple ,"IPhone 11 Pro Max, 6.5 Inch 512GB ROM 4G LTE Dual SIM - Gold","₦ 750,000 "
Apple ,IPhone 8 Plus 64GB 5.5 Inch IOS Smartphone (Refurbished) - Silvery,"₦ 153,500 "
Apple ,"IPhone XS Max (4GB RAM, 256GB ROM) IOS 12 (12MP + 12MP)+7MP Gold","₦ 410,000 "
Apple ,IPhone 6s 4.7 Inch 64GB ROM+2GB-12MP+5MP-With Fingerprint(Refurbished)-Grey,"₦ 68,090 "
Apple ,"IPhone X Mobile Phone (256GB ROM, 3GB RAM) 5.8 Inch With Tempered Glass Smartphone - Black","₦ 259,900 "
Apple ,"IPhone 11 Pro Max 6.5-Inch Super Retina XDR OLED Single Sim  (4GB RAM, 512GB ROM),iOS 13, (12MP+12MP+12MP)+12MP 4G LTE Smartphone - Silver","₦ 560,000 "
Apple ,IPhone 8 Plus 64GB 5.5 Inch IOS Smartphone (Refurbished) - Red,"₦ 147,670 "
Apple ,IPhone 6 Plus 5.5'' 64GB 8MP IOS Smartphone With Fingerprint (Refurbished）- Gold,"₦ 74,005 "
Apple ,IPhone 6 4.7 Inch 1GB + 32GB 8MP + 1.2MP Finger Sensor 4G LTE Smartphone (Free Gift) – Grey,"₦ 43,290 "
Apple ,IPhone 6 4.7 Inch 16G-ROM Finger Sensor 4G LTE Smartphone (Free Gift) – Grey,"₦ 39,950 "
Apple ,"IPhone 11 Pro, 5.8 Inch 64GB ROM 4G LTE Dual Nano SIM  - Space Gray","₦ 485,000 "
Apple ,IPhone 7 Plus 32GB 5.5 Inch IOS Smartphone (Refurbished) - Black,"₦ 112,550 "
Apple ,IPhone 6 Plus Refurbished Smartphone 5.5inch 16GB - Gold,"₦ 45,510 "
Apple , IPhone 7 Plus 5.5'' Inch 128GB+3GB-12MP+7MP With Fingerprint Smartphone (Refurbished)-Black,"₦ 121,460 "
Apple ,IPhone 6 Plus 5.5 Inch 1GB + 16GB 8MP + 1.2MP Finger Sensor 4G LTE Smartphone ( Free Gift) – Gold,"₦ 52,910 "
Apple ,"IPhone 11 Pro Max, 6.5 Inch 512GB ROM 4G LTE Dual SIM - Gold","₦ 740,000 "
Apple ,"IPhone 11 Pro Max, 6.5 Inch 64GB ROM 4G LT Dual SIM - Space Gray","₦ 530,000 "
Apple ,"IPhone XS Max (4GB RAM, 256GB ROM) IOS 12 (12MP + 12MP)+7MP Rom-Gold","₦ 360,000 "
Apple ,"IPhone XR (3GB RAM, 128GB ROM) IOS 12 (12MP+7MP) - (Nano-SIM & E-SIM) - Yellow","₦ 280,000 "
Apple ,"IPhone 6s 4.7 Inch (16GB ROM, 2GB0-12MP+5MP-With Fingerprint(Refurbished)-Rose Gold","₦ 55,900 "
Apple ,Iphone 5 White 16gb Smart Phone- Mobile Phone 4-inch Screen(Gift：accessories)(Refurbished),"₦ 17,880 "
Apple ,IPhone 7 Mobile Phone 32GB 3D Touch IPS Technology 4.7 Inch IOS 10 Smartphone - Red,"₦ 109,300 "
Apple ,IPhone 4s Black 8GB Smart Phone -Mobile Phone 3.5-inch Screen (Gift：accessories)(Refurbished),"₦ 12,000 "
Apple ,Refurbished Apple IPhone 6 Plus Smartphone 5.5inch 16GB-Gold,"₦ 42,870 "
Apple ,"IPhone XS Max (4GB RAM, 256GB ROM) IOS 12 (12MP + 12MP)+7MP","₦ 492,000 "
Apple ,"IPhone XS Max (4GB RAM, 64GB ROM) IOS 12 (12MP + 12MP)+7MP (e-Sim) - Space Grey","₦ 380,000 "
Apple ,"IPhone X 5.8-Inches Super AMOLED (3GB RAM, 64GB ROM) IOS 11.1.1, (12MP + 12MP) + 7MP 4G LTE Smartphone - Silver","₦ 250,000 "
Apple ,IPhone 6 Plus Refurbished Smartphone 5.5inch 64GB - Gray,"₦ 56,690 "
Apple ,"IPhone XS Max (4GB RAM, 512GB ROM) IOS 12 (12MP + 12MP)+7MP - Space Gray - Dual SIM (nano-SIM)","₦ 650,000 "
Apple ,IPhone 5S 16GB Gold  4G LTE Fingerprint Unlock  4-inch Screen (Gift：accessories),"₦ 27,810 "
Apple ,"IPhone X 5.8-Inches Super AMOLED (3GB RAM, 64GB ROM) IOS 11.1.1, (12MP + 12MP) + 7MP 4G LTE Smartphone - Space Grey","₦ 250,000 "
Apple ,"IPhone X 5.8-Inches Super AMOLED (3GB RAM, 256GB ROM) IOS 11.1.1, (12MP + 12MP) + 7MP 4G LTE Smartphone - Space Grey","₦ 275,000 "
Apple ,IPhone 4s White 8gb Smart Phone Mobile Phone 3.5-inch Screen (Gift：accessories),"₦ 12,700 "
Apple ,"IPhone XS Max (RAM, 512GB ROM) IOS 12 (12MP + 12MP)+7MP - Gray","₦ 530,000 "
Apple ,"IPhone X 5.8-Inches Super AMOLED (3GB RAM, 256GB ROM)IOS 11(12MP+12MP)+7MP 4G LTE Smartphone-Grey","₦ 363,000 "
Apple ,IPhone 6s 4.7 Inch 16GB ROM+2GB-12MP+5MP-With Fingerprint(Refurbished)-Grey,"₦ 53,780 "
Apple ,Apple IPhone X - 5.8'' - 3GB RAM + 64GB ROM - (12MP + 12MP) + 7MP Smartphone - White,"₦ 210,950 "
Apple ,IPhone 8plus 256GB - Red,"₦ 190,000 "
Apple ,IPhone 7-4.7 Inch 4G LET Smartphone 2GB+32GB 12MP Finger Sensor HD-Rose Gold,"₦ 84,650 "
Apple ,IPhone 8 Plus 5.5'' 64GB+3GB 4G Smartphone (Refurbished) - Black,"₦ 179,000 "
Apple ,XS Max ( 512GB ROM) IOS 12 (12MP + 12MP)+7MP - Silver,"₦ 425,000 "
Apple ,IPhone 6S Plus 5.5 Inch 2GB + 16GB 12MP + 5MP Finger Sensor 4G LTE Smartphone (Free Gift) – Gold,"₦ 70,040 "
Apple ,"IPhone XS Max (RAM, 512GB ROM) IOS 12 (12MP + 12MP)+7MP 4G Smartphone -  Space Grey","₦ 420,000 "
Apple ,IPhone 6 Plus 5.5'' 16GB ROM 8MP IOS Smartphone With Fingerprint Sensor(Refurbished)-Gold,"₦ 63,900 "
Apple ,"IPhone XR (3GB RAM, 64GB ROM) - Black + Free Pouch","₦ 245,000 "
Apple ,"Apple IPhone 6 -(64GB ROM, 1GB) -8 MP - 4.7 Inch+4G Network +Fingerprint Refurbished Smartphone","₦ 73,120 "
Apple ,Iphone 8 Plus Display:5.5-inch Retina HD CPU: Apple A11 Bionic Hexa-core Memory: 3GB RAM; 256GB ROM,"₦ 310,000 "
Apple ,"IPhone XS Max (4GB RAM, 256GB ROM) IOS 12 (12MP + 12MP)+7MP - Silver - Dual SIM (nano-SIM)","₦ 560,000 "
Apple ,"IPhone XR (3GB RAM, 128GB ROM) IOS 12 (12MP+7MP) - Red","₦ 280,000 "
Apple ,"Iphone 6S 16GB 4.7"" Inch IOS Smartphone (Refurbished) - Silvery","₦ 52,990 "
Apple ,IPhone 7 4.7 Inch Refurbished Smartphone 32GB - Gold,"₦ 71,050 "
Apple ,Iphone 5 16gb-  White Smart Phone Mobile Phone 4-inch Screen(Gift：accessories),"₦ 18,760 "
Apple ,"Iphone 6S 16GB 4.7"" Inch IOS Smartphone (Refurbished) - Pink","₦ 52,990 "
Apple ,"IPhone XS Max (4GB RAM, 512GB ROM) IOS 12 (12MP + 12MP)+7MP 4G Smartphone - Silver - Space Grey","₦ 430,000 "
Apple ,"IPhone XS Max (4GB RAM, 256GB ROM) IOS 12 (12MP + 12MP)+7MP Silver","₦ 400,000 "
Apple ,"IPhone XS Max (4GB RAM, 256GB ROM) IOS 12 (12MP + 12MP)+7MP 4G Smartphone -  Space Grey","₦ 360,000 "
Apple ,"IPhone X 5.8-Inches Super AMOLED (3GB RAM, 256GB ROM) IOS 11.1.1, (12MP + 12MP) + 7MP 4G LTE Smartphone","₦ 320,000 "
Apple ,IPhone 7Plus-5.5 Inch 4G LET Smartphone 2GB+32GB 12MP Finger Sensor HD-Black,"₦ 197,890 "
Apple ,"IPhone 8 Plus 5.5-Inch HD (3GB,256GB ROM) IOS 11, 12MP + 7MP 4G Smartphone - Silver","₦ 348,000 "
Apple ,IPhone 7 Plus Refurbished Smartphone 32GB - Gold,"₦ 118,038 "
Apple ,"IPhone X 5.8-Inches Super AMOLED (3GB RAM, 256GB ROM)IOS 11(12MP+12MP)+7MP 4G LTE Smartphone-Grey","₦ 369,000 "
Apple ,"IPhone 8 Plus 5.5-Inch HD (3GB,64GB ROM) IOS 11, 12MP + 7MP 4G Smartphone - Silver","₦ 200,000 "
Apple ,"IPhone 8 Plus 5.5-Inch HD (3GB,256GB ROM) IOS 11, 12MP + 7MP 4G Smartphone - Space Grey","₦ 250,000 "
Apple ,IPhone X - 5.8'' - 3GB RAM + 64GB ROM - (12MP + 12MP) + 7MP Smartphone - Black,"₦ 230,000 "
Apple ,"IPhone X 5.8-Inches Super AMOLED (3GB RAM, 256GB ROM) IOS 11.1.1, (12MP + 12MP) + 7MP 4G LTE Smartphone - Silver","₦ 280,000 "
Apple ,IPhone Xs 64GB - Space Grey,"₦ 330,000 "
Apple ,"IPhone XR (3GB RAM, 64GB ROM) IOS 12 (12MP+7MP) - Black - (nano-SIM)","₦ 250,000 "
Apple ,"IPhone 11, 6.1-Inch 64GB ROM 4G LTE Dual SIM - Black","₦ 330,000 "
Apple ,Apple IPhone X - 5.8'' - 3GB RAM + 256GB ROM - (12MP + 12MP) + 7MP Smartphone - White,"₦ 230,690 "
Apple ,"IPhone XS Max (4GB RAM, 64GB ROM) IOS 12 (12MP + 12MP)+7MP 4G Smartphone - Silver","₦ 290,000 "
Apple ,IPhone 6 4.7 Inch 1GB + 16GB 8MP + 1.2MP Finger Sensor 4G LTE Smartphone (Gift) – Gold,"₦ 43,000 "
Apple ,IPhone 4s 3.5Inch 32GB - ROM+512MB RAM-8MP-White(Gift：accessories)(Refurbished）,"₦ 15,000 "
Apple ,"IPhone XS Max (4GB RAM, 512GB ROM) IOS 12 (12MP + 12MP)+7MP 4G Smartphone -  Gold","₦ 410,000 "
Apple ,"IPhone 6s Plus 2GB+64GB 5.5"" Fingerprint 12MP 4G LTE Smartphone(Refurbished)-Silver","₦ 97,200 "
Apple ,IPhone 7 Plus Mobile Phone - 128GB - 3D Touch Technology - 5.5 Inch IOS 10 - A10+M10 Quad Core - Smartphone - Red,"₦ 166,000 "
Apple ,"IPhone XS 256GB - 1 Year Warranty - Silver,FREE SCREEN GLASS","₦ 260,000 "
Apple ,IPhone 4s 3.5Inch -16GB ROM+512MB RAM-8MP-Black(Gift：accessories)(Refurbished),"₦ 12,000 "
Apple ,IPhone 6 Plus 5.5 Inch 1GB + 16GB 8MP + 1.2MP Finger Sensor 4G LTE Smartphone ( Free Gift) – Gold,"₦ 57,800 "
Apple ,IPhone6S Plus Refurbished 5.5Inch Smartphone 64GB(Gift)-Gold,"₦ 73,055 "
Apple ,IPhone 6 4.7 Inch 1GB + 32GB 8MP + 1.2MP Finger Sensor 4G LTE Smartphone (Free Gift) – Silver,"₦ 47,336 "
Apple ,"Refurb IPhone 6s, 4.7 Inch, (2GB RAM +16GB ROM), With Finger Sensor - Gold","₦ 46,300 "
Apple ,IPhone 7 4.7 Inch 2GB + 32GB 12MP + 7MP Finger Sensor 4G LTE Smartphone (Free Gift) – Rose Gold,"₦ 91,390 "
Apple ,IPhone 4S 3.5 Inches 16GB GSM 8MP WIFI GPS IOS SmartPhones Free  Shipping,"₦ 15,300 "
Apple ,IPhone Xs 64GB - Gold,"₦ 330,000 "
Apple ,"IPhone XR (3GB RAM, 64GB ROM) IOS 12 (12MP+7MP) - Red - (nano-SIM)","₦ 248,000 "
Apple ,IPhone 8 Plus 256GB Smartphone - Gold,"₦ 240,000 "
Apple ,IPhone 8 64G 4.7-Inch IOS Smartphone (Refurbished) - Red,"₦ 125,120 "
Apple ,IPhone 6 4.7 Inch 1GB + 16 GB 8MP + 1.2MP Finger Sensor 4G LTE Smartphone (Gift) - Silver,"₦ 43,257 "
Apple ,IPhone 4 White 16GB Smart Phone Used Cell Phones 99% Like New  3.5-inch Screen (Gift：accessories),"₦ 12,990 "
Apple ,IPhone 4s White 8gb Smart Phone- Mobile Phone 3.5-inch Screen (Gift：accessories)(Refurbished）,"₦ 12,000 "
Apple ,Refurbished Apple IPhone 6 Plus Smartphone 5.5inch 64GB-Gold,"₦ 55,385 "
Apple ,"IPhone XR (3GB RAM, 64GB ROM) IOS 12 (12MP+7MP) - Black","₦ 250,000 "
Apple ,IPhone 7Plus-5.5 Inch 4G LET Smartphone 2GB+128GB 12MP Finger Sensor HD-Rose Gold,"₦ 209,910 "
Apple ,IPhone 7Plus-5.5 Inch 4G LET Smartphone 2GB+128GB 12MP Finger Sensor HD-Red,"₦ 209,900 "
Apple ,IPhone 7 4.7 Inch Refurbished Smartphone 32GB - Black,"₦ 73,779 "
Apple ,IPhone 6 4.7 Inch 1GB + 32GB 8MP + 1.2MP Finger Sensor 4G LTE Smartphone (Free Gift) – Gold,"₦ 46,090 "
Apple ,Refurbished Apple IPhone 6 Plus Smartphone 5.5inch 16GB-Grey,"₦ 42,870 "
Apple ,"Apple IPhone X 3GB + 64GB 5.8"" Finger Sensor 4G Smartphone (Refurbishment)-Silver","₦ 236,520 "
Apple ,IPhone 5S 16GB+1GB- Gold- 4G - 4 Inch- 8 MP- Fingerprint Unlock(Gift：accessories)(Refurbished),"₦ 26,650 "
Apple ,IPhone 8 Plus 5.5'' 64GB+3GB 4G Smartphone (Refurbished) - Black,"₦ 189,000 "
Apple ,"Apple IPhone 8 Plus 3GB + 64GB 5.5"" Finger Sensor 4G Smartphone (Refurbishment)-Gold","₦ 181,980 "
Apple ,IPhone 7plus 128GB - Black,"₦ 140,000 "
Apple ,IPhone 7 Plus 32GB 5.5 Inch IOS Smartphone (Refurbished) - Gold,"₦ 116,990 "
Apple ,"IPhone 8 Plus 5.5-Inch HD (3GB,256GB ROM) IOS 11, 12MP + 7MP 4G Smartphone - Red","₦ 250,000 "
Apple ,IPhone 7 Plus 5.5'' Inch 128GB+3GB-12MP+7MP With Fingerprint(Refurbished)-Red,"₦ 149,999 "
Samsung ,Galaxy S9 4GB+64GB 5.8 Inch Colar Blue Used Phone 99% New Single Sim 4G Android Smartphone,"₦ 123,690 "
Apple ,IPhone 6S Plus - Mobile Phone - 128GB - 5.5 Inch IOS 9.0 - Apple Smartphone - Silver,"₦ 123,000 "
Apple ,"Apple IPhone 7 2GB + 32GB 4.7"" Finger Sensor 4G Smartphone (Refurbishment)-Red","₦ 79,488 "
Apple ,IPhone 7-4.7 Inch Smartphone  2GB+32GB 12MP Finger Sensor 4G LTE (gift) HD-Matte Black,"₦ 92,500 "
Apple ,IPhone 6 4.7 Inch 1GB + 16 GB 8MP + 1.2MP Finger Sensor 4G LTE Smartphone (Gift) - Grey,"₦ 41,620 "
Apple ,Iphone 7 Plus 32GB 5.5 Inch IOS Smartphone (Refurbished) - Red,"₦ 116,990 "
Apple ,IPhone 6 16GB 4.7 Inch IOS Smartphone (Refurbished) - Gold,"₦ 40,400 "
Apple ,IPhone 4s White 16gb Smart Phone  3.5-inch Screen (Gift：accessories) (Refurbiished),"₦ 13,170 "
Apple ,IPhone 8 Plus 64GB 5.5 Inch IOS Smartphone (Refurbished) - Gold,"₦ 153,500 "
Apple ,"IPhone 7 4.7 Inch 128GB ROM+2GB RAM (Refurbished,99%New) 12MP+7MP-Red","₦ 104,900 "
Apple ,IPhone 6S Refurbished Smartphone 128GB (Gift)-Gold,"₦ 65,455 "
Apple ,IPhone 6 32GB - Silver (refurbished) 4.7 Inch Screen,"₦ 100,407 "
Apple ,IPhone 7 Mobile Phone - 32GB - 3D Touch IPS Technology - 4.7 Inch IOS 10 - Black,"₦ 109,300 "
Apple ,Iphone 5 White 16gb Smart Phone Mobile Phone 4-inch Screen(Refurbished)(Gift：accessories),"₦ 20,400 "
Apple ,IPhone 6s 4.7'' (64GB+2GB) 12MP+5MP-With Fingerprint Sensor Smartphone(Refurbished)- Rose Gold,"₦ 68,090 "
Apple ,IPhone 6S 4.7 Inch 2GB + 16GB 12MP + 5MP 3D Touch 4G LTE Smartphone (Gift) – Rose Gold,"₦ 61,800 "
Apple ,"Apple IPhone 7 Plus 3GB + 32GB 5.5"" Finger Sensor 4G Smartphone (Refurbishment)-Red","₦ 125,820 "
Apple ,IPhone 7 Plus 128GB - Rose Gold,"₦ 200,000 "
Apple ,IPhone 5S 32GB Gold  4G LTE Without Fingerprint (Refurbishment) 4-inch Screen (Gift：accessories),"₦ 28,500 "
Apple ,IPhone 6 4.7 Inch 1GB + 64GB 8MP + 1.2MP Finger Sensor 4G LTE Smartphone (Free Gift) – Gold,"₦ 48,503 "
Apple ,IPhone 6s - 4.7 Inch 4G LET Smartphone 2GB+32GB 12MP Finger Sensor HD- Grey,"₦ 89,000 "
Apple ,IPhone 7 32G 4.7 Inch  IOS Smartphone (Refurbished) - Gold,"₦ 78,810 "
Apple ,IPhone 7-4.7 Inch Smartphone 2GB+128GB 12MP Finger Sensor 4G LTE (gift) HD-Red,"₦ 152,900 "
Apple ,IPhone 6S 64GB Smartphone - Black (Refurbished),"₦ 110,000 "
Apple ,"IPhone 7 - 4.7"" Smartphone RAM 2G + ROM 32G - 12MP - Single SIM - Matt Black - 32GB","₦ 85,990 "
Apple ,IPhone 6S Plus Refurbished 5.5 Inch Smartphone 64GB - Pink,"₦ 77,743 "
Apple ,IPhone 5C 32GB Blue 4G LTE  4-inch Screen (Gift：accessories) Smart Phone,"₦ 29,000 "
Apple ,IPhone 5S 16GB Black  4G - Fingerprint Unlock  4-inch Screen (Gift：accessories)(Refurbished),"₦ 27,700 "
Apple ,IPhone 5C 32GB Pink 4G -  4-inch Screen (Gift：accessories) Smart Phone (Refurbished),"₦ 28,000 "
Apple ,IPhone 5S - 16GB+1GB -8 MP- 4 Inch -Fingerprint Unlock  Refurbished Smart Phone-Silver,"₦ 26,800 "
Apple ,IPhone 4s 32GB 3.5InchROM+512MB RAM-8MP-Black(Gift：accessories)(Refurbished）,"₦ 15,000 "
Apple ,IPhone 6S Plus Refurbished Smartphone 16GB - Black,"₦ 68,210 "
Apple ,IPhone 5S 16GB Silver 4G LTE Without Fingerprint (Refurbishment) 4-inch Screen (Gift：accessories) (Refurbiished),"₦ 26,800 "
Apple ,IPhone 5S 16GB Gold  4G LTE Without Fingerprint (Refurbishment) 4-inch Screen (Gift：accessories),"₦ 25,000 "
Apple ,IPhone SE Refurbished Smartphone 4inch 64GB - Black,"₦ 45,665 "
Apple ,IPhone 6 4.7 Inch 1GB + 16GB 8MP Finger Sensor 4G Smartphone (Free Gift) – Gold,"₦ 43,000 "
Apple ,IPhone 5 - 16GB ROM +1GB RAM -8 MP- 4 Inch - Apple Smartphones,"₦ 19,400 "
Apple ,IPhone SE Refurbished Smartphone 4inch 2+16GB (Gift)- Pink,"₦ 35,055 "
Apple ,"IPhone 5 - (1GB, 16GB ROM) - 4.0 Inch Screen - 8MP Pixel Smart Phone","₦ 19,400 "
Apple ,IPhone 7 32G 4.7 Inch IOS Smartphone (Refurbished) - Pink,"₦ 78,810 "
Apple ,"IPhone 6 Plus 16 GB 5.5"" IOS 4G Smartphone With Fingerprint Sensor(Refurbished)-Gold","₦ 54,800 "
Apple ,"IPhone 6 Plus 16GB 5.5"" Inch IOS Smartphone (Refurbished) - Gold","₦ 52,990 "
Apple ,IPhone 6s Refurbished Smartphone 4.7inch 16GB (Gift)- Silver,"₦ 47,690 "
Apple ,IPhone SE Refurbished Smartphone 4inch 64GB - Pink,"₦ 45,708 "
Apple ,IPhone SE Refurbished Smartphone 4inch 64GB - Silver,"₦ 45,669 "
Apple ,IPhone 5 - 16GB ROM +1GB RAM -8 MP- 4 Inch -  Apple Smartphones--black,"₦ 21,940 "
Apple ,IPhone 6 4.7 Inch 1GB + 16 GB 8MP + 1.2MP Finger Sensor 4G LTE Smartphone (Gift) – Gold,"₦ 45,500 "
Apple ,Apple Iphone 5 32gb +1GB RAM 8MP+1.2MPSmart Phone Mobile Phone 4-inch Screen(Gift：accessories),"₦ 44,152 "
Apple ,IPhone 5  1GB RAM+16GB ROM 4.0 Inch 8MP+1.2MP,"₦ 18,670 "
Apple ,IPhone 6 4.7 Inch 1GB + 32GB 8MP + 1.2MP Finger Sensor 4G LTE Smartphone (Free Gift) – Grey,"₦ 45,000 "
Apple ,IPhone 6s Refurbished Smartphone 4.7inch 32GB (Gift)- Gold,"₦ 55,600 "
Apple ,IPhone 5S 32GB Black  4G LTE Fingerprint Unlock  4-inch Screen (Gift：accessories),"₦ 35,000 "
Apple ,IPhone 6SPlus Refurbished 5.5Inch Smartphone 16GB(Gift)-Pink,"₦ 64,220 "
Apple ,IPhone 5C 16GB Blue 4G -  4-inch Screen (Gift：accessories) Smart Phone(Refurbished),"₦ 26,500 "
Apple ,IPhone 6S Plus Refurbished Smartphone 128GB (Gift)- Rose Gold,"₦ 82,555 "
Apple ,IPhone 5 - 16G+1G - 4.0 Inch Screen - 8MP Pixel Refurbished Smart Phone - Silver,"₦ 22,800 "
Apple ,Iphone 5 Black 16gb Smart Phone Mobile Phone 4-inch Screen(Gift：accessories),"₦ 19,500 "
Apple ,IPhone 6 Plus 16GB Grey 4G LTE Fingerprint Unlock  5.5-inch Screen (Gift：accessories),"₦ 75,500 "
Apple ,Iphone 5 White 16gb Smart Phone- Mobile Phone 4-inch Screen(Gift：accessories)(Refurbished),"₦ 18,999 "
Apple ,IPhone 4s 3.5Inch 16GB ROM+512MB RAM-8MP( 98% New),"₦ 15,300 "
Apple ,IPhone 6 Plus 16GB 5.5 Inch IOS Smartphone (Refurbished) - Silvery,"₦ 52,990 "
Apple ,"IPhone 6s 2GB+32GB 4.7"" Fingerprint 12MP Main+5MP Front Camera(Refurbished)-RoseGold","₦ 65,664 "
Apple ,IPhone 6 4.7 Inch 1GB + 16 GB 8MP + 1.2MP Finger Sensor 4G LTE Smartphone (Gift) – Gold,"₦ 41,500 "
Apple ,"IPhone 6s Plus 2GB+64GB 5.5"" Fingerprint 12MP 4G LTE Smartphone(Refurbished)-RoseGold","₦ 97,200 "
Apple ,IPhone 6 4.7 Inch 1GB + 64GB 8MP + 1.2MP Finger Sensor 4G LTE Smartphone (Free Gift) – Grey,"₦ 48,503 "
Apple ,Iphone 5 Black 16gb Smart Phone Mobile Phone 4-inch Screen(Gift：accessories),"₦ 24,500 "
Apple ,"Apple IPhone 6 Plus 128GB 5.5"" Inch IOS Smartphone (Refurbished)","₦ 75,000 "
Apple ,Refurbished Apple IPhone 6 Plus Smartphone 5.5inch 16GB-Silver,"₦ 44,555 "
Apple ,"IPhone 6 Plus 16 GB 5.5"" IOS 4G Smartphone With Fingerprint Sensor(Refurbished)-Silver","₦ 54,800 "
Apple ,IPhone 6 16GB 4.7 Inch IOS Smartphone  (Refurbished) - Silvery,"₦ 40,490 "
Apple ,"Apple IPhone 5S 16GB Silver 4G LTE Without Fingerprint,4-inch Screen","₦ 41,945 "
Apple ,IPhone 6 4.7 Inch 1GB + 16GB 8MP + 1.2MP Finger Sensor 4G LTE Smartphone (Gift) – Silver,"₦ 45,500 "
Apple ,IPhone 6s Refurbished 4.7 Inch Smartphone 64GB (Gift)- Grey,"₦ 59,090 "
Apple ,Apple IPhone 6 16GB - Grey With Fingerprint (Refurbished) 4G LTE Smartphone (Gift)-Grey,"₦ 42,900 "
Apple ,IPhone 6 128GB 4.7 Inch IOS Smartphone (Refurbished) - Gold,"₦ 55,990 "
Apple ,Iphone 5 White 32gb Smart Phone Mobile Phone 4-inch Screen(Gift：accessories),"₦ 25,800 "
Apple ,IPhone 7 Plus 5.5 Inch Refurbished Smartphone 32GB-Pink,"₦ 118,800 "
Apple ,IPhone 7 Plus 5.5'' Inch 128GB+3GB-12MP+7MP With Fingerprint Smartphone (Refurbished)-Rose Gold,"₦ 149,999 "
Apple ,Refurbished 6 A1549 / A1586 1GB RAM 64GB ROM No Finger Sensor,"₦ 70,080 "
Apple ,IPhone 7 256GB 4.7 Inch Quad Core IOS 10 12MP Camera Smartphone(Black),"₦ 114,650 "
Apple ,IPhone 6S 32GB 4.7 Inch IOS Smartphone (Refurbished) - Black,"₦ 73,800 "
Apple ,IPhone 6S Plus Mobile Phone 16GB 5.5 Inch IOS 9.0 Smartphone(Gold),"₦ 94,900 "
Apple ,IPhone 4 16GB 5MP Refurbished Memory 99% New,"₦ 45,999 "
Apple ,Apple Refurbished  IOS Phones IPhone 7 Plus 128GB 99%New Mobile Phones - Black,"₦ 125,500 "
Apple ,"IPhone X 5.8-Inches Super AMOLED (3GB RAM, 256GB ROM)IOS 11(12MP+12MP)+7MP 4G LTE Smartphone-Grey","₦ 367,000 "
Apple ,Apple Refurbished  IOS Phones IPhone 7 Plus 128GB 99%New Mobile Phones - Black,"₦ 125,500 "
Apple ,Apple Refurbished  IOS Phones IPhone 7 Plus 128GB 99%New Mobile Phones - Gold,"₦ 125,500 "
Apple ,"Refurbished IPhone 7 4.7-Inch HD (2GB, 128GB ROM) IOS 12 12MP + 7MP 99%New Smartphone - Black","₦ 89,900 "
Apple ,"IPhone 6 Plus 16 GB 5.5"" IOS 4G Smartphone With Fingerprint Sensor(Refurbished)-Silver","₦ 54,500 "
Apple ,"IPhone 6 Plus 16 GB 5.5"" IOS 4G Smartphone With Fingerprint Sensor(Refurbished)-Black","₦ 54,800 "
Apple ,"Refurbished IPhone 7 4.7-Inch HD (2GB, 128GB ROM) IOS 12 12MP + 7MP 99%New Smartphone - Gold","₦ 89,900 "
Apple ,IPhone 7 4.7 Inch Refurbished Smartphone 128GB - Silver,"₦ 94,100 "
Apple ,"IPhone 6 Plus 16 GB 5.5"" IOS 4G Smartphone With Fingerprint Sensor(Refurbished)-Black","₦ 54,500 "
Apple ,IPhone 5S 32GB Black 4G LTE Without Fingerprint (Refurbishment) 4-inch Screen (Gift：accessories) (Refurbiished),"₦ 29,000 "
Apple ,Apple Refurbished  IOS Phones IPhone 7 Plus 128GB 99%New Mobile Phones - Silver,"₦ 125,500 "
Apple ,"Refurbished IPhone 7 4.7-Inch HD (2GB, 128GB ROM) IOS 12 12MP + 7MP 99%New Smartphone - Black","₦ 89,900 "
Apple ,IPhone SE Refurbished Smartphone 4inch 2+16GB (Gift)- Gray,"₦ 39,800 "
Apple ,IPhone 7 Plus 5.5 Inch Refurbished Smartphone 32GB-Black,"₦ 118,800 "
Apple ,Apple IPhone 6S Refurbished Smartphone 128GB With Finger Sensor - Gray,"₦ 69,512 "
Apple ,IPhone 7 4.7 Inch Refurbished Smartphone 32GB - Gold,"₦ 90,700 "
Apple ,IPhone 6 4.7 Inch 1GB + 32GB 8MP + 1.2MP Finger Sensor 4G LTE Smartphone (Free Gift) – Silver,"₦ 47,336 "
Apple ,IPhone 7 Plus 5.5 Inch Refurbished Smartphone 128GB-Red,"₦ 132,300 "
Apple ,IPhone 7 Plus 5.5 Inch Refurbished Smartphone 128GB-Black,"₦ 132,300 "
Apple ,Iphone 5 Black 16gb Smart Phone Mobile Phone 4-inch Screen(Gift：accessories),"₦ 19,200 "
Apple ,IPhone 5S 16GB Black 4G LTE Without Fingerprint (Refurbishment) 4-inch Screen (Gift：accessories) (Refurbiished),"₦ 26,800 "
Apple ,IPhone 7 4.7 Inch Refurbished Smartphone 32GB - Black,"₦ 90,700 "
Apple ,IPhone 5S 32GB Gold 4G LTE Without Fingerprint (Refurbishment) 4-inch Screen (Gift：accessories) (Refurbiished),"₦ 29,000 "
Apple ,"IPhone X 5.8-Inches Super AMOLED (3GB RAM, 256GB ROM)IOS 11(12MP+12MP)+7MP 4G LTE Smartphone-Silver","₦ 367,000 "
Apple ,Iphone 5 White 16gb Smart Phone Mobile Phone 4-inch Screen(Gift：accessories),"₦ 19,200 "
Apple ,"IPhone 6 Plus 16 GB 5.5"" IOS 4G Smartphone With Fingerprint Sensor(Refurbished)-Gold","₦ 54,500 "
Apple ,IPhone 7 4.7 Inch Refurbished Smartphone 128GB - Silver,"₦ 95,100 "
Apple ,IPhone 7 4.7 Inch Refurbished Smartphone 128GB - Rose Gold,"₦ 95,100 "
Apple ,Iphone 5 White 16gb Smart Phone Mobile Phone 4-inch Screen(Gift：accessories),"₦ 18,900 "
Apple ,Apple Refurbished IPhone 5C 32GB ROM 1GB RAM Mobile Phone -Yellow,"₦ 28,700 "
Apple ,IPhone 7 Plus 5.5 Inch Refurbished Smartphone 128GB-Silver,"₦ 132,300 "
Apple ,IPhone 5S 16GB Gold 4G LTE Without Fingerprint (Refurbishment) 4-inch Screen (Gift：accessories) (Refurbiished),"₦ 26,800 "
Apple ,"IPhone X 5.8-Inches Super AMOLED (3GB RAM, 256GB ROM)IOS 11(12MP+12MP)+7MP 4G LTE Smartphone-Silver","₦ 363,000 "
Apple ,IPhone 5S 16GB - Gold- 4G - 4 Inch- 8 MP- Fingerprint Unlock(Gift：accessories)(Refurbished),"₦ 67,700 "
Apple ,IPhone 6S Plus Refurbished Smartphone 128GB (Gift)-Gold,"₦ 88,300 "
Apple ,IPhone 5S 32GB Silver 4G LTE Without Fingerprint (Refurbishment) 4-inch Screen (Gift：accessories) (Refurbiished),"₦ 29,000 "
Apple ,IPhone 5S 16GB Silver 4G LTE Without Fingerprint (Refurbishment) 4-inch Screen (Gift：accessories) (Refurbiished),"₦ 25,999 "
Apple ,IPhone 6 4.7 Inch 1GB + 16GB 8MP + 1.2MP Finger Sensor 4G LTE Smartphone (Gift) – Silver,"₦ 41,500 "
Apple ,IPhone 7 4.7 Inch Refurbished Smartphone 128GB - Gold,"₦ 95,100 "
Apple ,IPhone 7 Plus 5.5 Inch Refurbished Smartphone 128GB-Pink,"₦ 132,300 "
Apple ,IPhone 6 4.7 Inch 1GB + 32GB 8MP + 1.2MP Finger Sensor 4G LTE Smartphone (Free Gift) – Gold,"₦ 47,336 "
Apple ,IPhone 6 - 128GB+1GB -8 MP- 4.7 Inch+4G Network  Refurbished Smart Phones-silver,"₦ 58,500 "
Apple ,IPhone 7 4.7 Inch Refurbished Smartphone 32GB - Silver,"₦ 90,700 "
Apple ,IPhone 4s White 16gb Smart Phone -Mobile Phone 3.5-inch Screen (Gift：accessories)(Refurbished),"₦ 12,800 "
Apple ,Iphone 5 Black 16gb Smart Phone Mobile Phone 4-inch Screen(Gift：accessories),"₦ 18,900 "
Apple ,IPhone 7 Plus 5.5 Inch Refurbished Smartphone 32GB-Gold,"₦ 118,800 "
Apple ,Apple Refurbished IPhone 5C 32GB ROM 1GB RAM Mobile Phone -Green,"₦ 28,700 "
Apple ,Iphone 5 White 16gb Smart Phone Mobile Phone 4-inch Screen(Gift：accessories),"₦ 18,900 "
Apple ,IPhone 7 4.7 Inch Refurbished Smartphone 32GB - Rose Gold,"₦ 90,700 "
Apple ,IPhone 4s Black 16gb Smart Phone Mobile Phone 3.5-inch Screen (Gift：accessories) (Refurbiished),"₦ 13,500 "
Apple ,IPhone 7 Plus 5.5 Inch Refurbished Smartphone 128GB-Gold,"₦ 132,300 "
Apple ,Apple Refurbished IPhone 5C 32GB ROM 1GB RAM Mobile Phone -White,"₦ 28,700 "
Apple ,Iphone 5 White 16gb Smart Phone Mobile Phone 4-inch Screen(Gift：accessories) (Refurbiished),"₦ 22,200 "
Apple ,IPhone 7 Plus 5.5 Inch Refurbished Smartphone 32GB-Silver,"₦ 118,800 "
Apple ,Apple Refurbished IPhone 5C 32GB ROM 1GB RAM Mobile Phone - Blue,"₦ 28,700 "
Apple ,IPhone 5S 16GB Gold  4G LTE Fingerprint Unlock  4-inch Screen (Gift：accessories),"₦ 27,900 "
Apple ,Apple IPhone 6 16GB - Grey With Fingerprint (Refurbished) 4G LTE Smartphone (Gift)-Silver,"₦ 42,900 "
Apple ,IPhone 7 Plus 5.5 Inch Refurbished Smartphone 32GB-Red,"₦ 118,800 "
Apple ,IPhone 5S 16GB+1GB- Silver- 4G - 4 Inch- 8 MP- Fingerprint Unlock(Gift：accessories)(Refurbished),"₦ 27,700 "
Apple ,Apple Refurbished IPhone 5C 8GB Green 4G LTE 4-inch Screen (Gift：accessories) Smart Phone-Yellow,"₦ 22,500 "
Apple ,IPhone 5 - 16GB ROM +1GB RAM -8 MP- 4 Inch -  Apple Smartphones--black,"₦ 21,900 "
Apple ,IPhone 4s 3.5Inch -16GB ROM+512MB RAM-8MP-Black(Gift：accessories)(Refurbished),"₦ 12,000 "
Apple ,Iphone 5 Black 16gb Smart Phone Mobile Phone 4-inch Screen(Gift：accessories) (Refurbiished),"₦ 22,200 "
Apple ,Apple Refurbished IPhone 5C 8GB Green 4G LTE 4-inch Screen (Gift：accessories) Smart Phone-Pink,"₦ 22,500 "
Apple ,IPhone 6 4.7 Inch 1GB + 64GB 8MP + 1.2MP Finger Sensor 4G LTE Smartphone (Free Gift) –black,"₦ 51,800 "
Apple ,Apple Refurbished IPhone 5C 8GB Green 4G LTE 4-inch Screen (Gift：accessories) Smart Phone-Green,"₦ 22,500 "
Apple ,IPhone 4s White 8gb Smart Phone Mobile Phone 3.5-inch Screen (Gift：accessories) (Refurbiished),"₦ 13,200 "
Apple ,Apple Refurbished IPhone 5C 32GB ROM 1GB RAM Mobile Phone -Pink,"₦ 28,700 "
Apple ,Apple Refurbished IPhone 5C 8GB Green 4G LTE 4-inch Screen (Gift：accessories) Smart Phone-White,"₦ 22,500 "
Apple ,IPhone 5S - 16GB+1GB -8 MP- 4 Inch -Fingerprint Unlock  Refurbished Smart Phone-Black,"₦ 26,800 "
Apple ,Apple IPhone 6 16GB With Fingerprint (Refurbished) 4G LTE Smartphone (Gift)-Gold,"₦ 42,900 "
Apple ,IPhone 6 - 128GB+1GB -8 MP- 4.7 Inch+4G Network  Refurbished Smart Phones,"₦ 58,500 "
Apple ,IPhone 4s White 16gb Smart Phone Mobile Phone 3.5-inch Screen (Gift：accessories) (Refurbiished),"₦ 13,690 "
Apple ,Apple Refurbished IPhone 5C 8GB Green 4G LTE 4-inch Screen (Gift：accessories) Smart Phone-Blue,"₦ 22,500 "
Apple ,IPhone 4s White 16gb Smart Phone -Mobile Phone 3.5-inch Screen (Gift：accessories)(Refurbished),"₦ 12,798 "
Apple ,IPhone 6sP - 5.5 Inch 4G LET Smartphone 2GB+16GB 12MP Finger Sensor HD-Grey,"₦ 87,350 "
Apple ,"IPhone 8P 5.5-Inch Fingerprint Sensor HD (3GB,64GB ROM) IOS 11, 12MP + 7MP 4G Smartphone -Silver","₦ 280,100 "
Apple ,IPhone 5C 32GB White 4G LTE  4-inch Screen (Gift：accessories) Smart Phone,"₦ 29,000 "
Apple ,IPhone 6S Mobile Phone - 64GB - 4.7 Inch IOS 9.0 - Apple Smartphone - Silver,"₦ 87,400 "
Apple ,Refurblished IPhone 6s Plus A1687 / A1634 128GB ROM 2GB RAM - ROSE GOLD,"₦ 104,318 "
Apple ,"IPhone 6 Plus 64GB - Silver (Refurbished) 5.5""","₦ 137,437 "
Apple ,IPhone 8 Mobile Phone - 64GB - 4.7 Inch IOS 11.0 - 12MP Camera - Smartphone - Gray,"₦ 163,900 "
Apple ,"NEW IPhone 7 Plus 256GB Red 5.5"" Screen GSM IOS","₦ 285,000 "
Apple ,IPhone 5C 8GB Pink 4G -  4-inch Screen (Gift：accessories) Smart Phone(Refurbished）,"₦ 24,500 "
Apple ,IPhone 5C 16GB Pink 4G - 4-inch Screen (Gift：accessories) Smart Phone(Refurbished),"₦ 26,000 "
Apple ,IPhone 5C-16G ROM+1G RAM - 4.0 Inch Screen-8MP Pixel Refurbished 4G LTE ( Gift ) Smart Phone-Yellow,"₦ 36,880 "
Apple ,IPhone 6 Mobile Phone 16GB 4.7 Inch IOS 8.0 Smartphone - Gold,"₦ 64,900 "
Apple ,IPhone 6 128GB Mobile Phone - 4.7 Inch IOS 8.0 - Apple Smartphone - Gold,"₦ 77,000 "
Apple ,IPhone 6S Mobile Phone - 16GB - 4.7 Inch IOS 9.0 - 8MP - Smartphone - Gold,"₦ 80,400 "
Apple ,"Iphone 6S Plus 32GB 5.5"" Screen Inch IOS Smartphone (Refurbished) - Black","₦ 91,850 "
Apple ,"IPhone 7 4.7 Inch 32GB ROM+2GB RAM (Refurbished,99%New) 12MP+7MP-Silver","₦ 92,999 "
Apple ,IPhone 6 128GB 4.7 Inch IOS Smartphone (Refurbished) - Silvery,"₦ 57,990 "
Apple ,IPhone 7 128GB 4.7 Inch Quad Core IOS 10 12MP Camera Smartphone (Red),"₦ 106,750 "
Apple ,IPhone 6sP - 5.5 Inch 4G LET Smartphone 2GB+16GB 12MP Finger Sensor HD- Gold,"₦ 139,000 "
Apple ,Refurbished Apple IPhone 6S 32GB 12MP+5MP With FaceTime - Black,"₦ 210,000 "
Apple ,"IPhone 8 Plus (256GB ROM, 3GBRAM) 5.5 Inch HD IOS 11.0 12MP Smartphone - Gray","₦ 207,000 "
Apple ,IPhone 8 2GB 256GB,"₦ 270,000 "
Apple ,"IPhone 8P 5.5-Inch Fingerprint Sensor HD (3GB,256GB ROM) IOS 11, 12MP + 7MP 4G Smartphone -Red","₦ 320,000 "
Apple ,IPhone 5S 32GB+1GB- Gold- 4G - 4 Inch- 8 MP- Fingerprint Unlock(Gift：accessories)(Refurbished),"₦ 34,500 "
Apple ,IPhone 6 16GB Silver 4G LTE Fingerprint Unlock 4.7-inch Screen (Gift：accessories) Smart Phone,"₦ 59,000 "
Apple ,IPhone 6 4.7'' Fingerprint 1GB 32GB ROM IOS Smartphone,"₦ 60,000 "
Apple ,IPhone 6S Mobile Phone - 64GB - 4.7 Inch IOS 9.0 - Apple Smartphone - Grey,"₦ 87,400 "
Apple ,IPhone 6 Mobile Phone 16GB 4.7 Inch IOS 8.0 Apple A8+M8 Dual Core Up To 1.4GHz Smartphone(Silver),"₦ 58,590 "
Apple ,IPhone 6 Plus 64GB Grey 4G LTE Fingerprint Unlock  5.5-inch Screen (Gift：accessories),"₦ 94,500 "
Apple ,IPhone 6 Plus - 128GB - 5.5 Inch IOS 8.0 - With Finger Sensor 4G LTE - Apple Smartphone Gold,"₦ 100,500 "
Apple ,Refurbished IPhone 6 Plus A1522 / A1524 128GB ROM With Finger Sensor - GRAY,"₦ 125,957 "
Apple ,IPhone 7-4.7 Inch 4G LET Smartphone 2GB+128GB 12MP Finger Sensor HD-Rose Gold,"₦ 152,900 "
Apple ,IPhone SE 16GB Pink 4G - Fingerprint Unlock  4-inch Screen (Gift：accessories)(Refurbished),"₦ 51,000 "
Apple ,IPhone 6S 4.7 Inch 2GB + 16GB 12MP + 5MP 3D Touch 4G LTE Smartphone ( Free Gift) – Gold,"₦ 59,800 "
Apple ,"IPhone 6 Plus 64GB - Black (Refurbished) 5.5""","₦ 137,437 "
Apple ,IPhone 7-4.7 Inch Smartphone 2GB+128GB 12MP Finger Sensor 4G LTE (gift) HD-Gold,"₦ 152,900 "
Apple ,"IPhone 8 256GB 4.7"" Screen Inch IOS Smartphone (Refurbished) - Red","₦ 164,800 "
Apple ,IPhone 8 Plus 256GB 5.5 Inch IOS Smartphone (Refurbished) - Red,"₦ 213,000 "
Apple ,IPhone 5S 16GB - Gold- 4G - 4 Inch- 8 MP- Fingerprint Unlock(Gift：accessories)(Refurbished),"₦ 27,700 "
Apple ,IPhone 6 Mobile Phone 16GB 4.7 Inch IOS 8.0 Apple A8+M8 Dual Core Up To 1.4GHz Smartphone(Gold),"₦ 58,590 "
Apple ,Iphone 6S Plus 128GB 5.5 Inch IOS Smartphone (Refurbished) - Gold,"₦ 107,880 "
Apple ,IPhone 6s - 4.7 Inch 4G LET Smartphone 2GB+64GB 12MP Finger Sensor HD- Gold,"₦ 119,700 "
Apple ,IPhone 7 Plus Mobile Phone - 256GB - 3D Touch Technology - 5.5 Inch IOS 10 - Smartphone - Black,"₦ 173,900 "
Apple ,IPhone 5 16GB+1GB 4''  Inch Mobile Phone 8MP,"₦ 20,400 "
Apple ,IPhone 5S 32GB Silver 4G LTE Without Fingerprint (Refurbishment) 4-inch Screen (Gift：accessories),"₦ 28,500 "
Apple ,IPhone SE 64GB Grey 4G - Fingerprint Unlock  4-inch Screen (Gift：accessories)(Refurbished),"₦ 55,500 "
Apple ,IPhone 5SE-16G+1G - 4.0 Inch Screen-12MP Pixel Refurbished 4G LTE ( Gift ) Smart Phone-Grey,"₦ 56,000 "
Apple ,IPhone 6 Plus 64GB Silver 4G LTE Fingerprint Unlock  5.5-inch Screen (Gift：accessories),"₦ 94,500 "
Apple ,Iphone 5 Black 32gb Smart Phone Mobile Phone 4-inch Screen(Gift：accessories),"₦ 25,800 "
Apple ,IPhone 6 4.7 Inch 1GB+16GB ROM Fingerprint 8MP+1.2MP(Refurbished)-Silver,"₦ 44,450 "
Apple ,IPhone 5SE-64G+1G - 4.0 Inch Screen-12MP Pixel Refurbished 4G LTE ( Gift ) Smart Phone-Rose Gold,"₦ 78,890 "
Apple ,IPhone 6sP - 5.5 Inch 4G LET Smartphone 2GB+64GB 12MP Finger Sensor HD- Gold,"₦ 159,100 "
Apple ,IPhone SE 32GB Gold 4G LTE Fingerprint Unlock  4-inch Screen (Gift：accessories),"₦ 54,000 "
Apple ,IPhone 6S Mobile Phone - 64GB - 4.7 Inch IOS 9.0 - Apple Smartphone - Rose Gold,"₦ 87,400 "
Apple ,IPhone 6S Plus Mobile Phone - 64GB - 5.5 Inch IOS 9.0 - 12MP - Smartphone - Gold,"₦ 102,800 "
Apple ,IPhone 7-4.7 Inch Smartphone  2GB+32GB 12MP Finger Sensor 4G LTE (gift) HD-Jet Black,"₦ 127,900 "
Apple ,IPhone 6sP - 5.5 Inch 4G LET Smartphone 2GB+16GB 12MP Finger Sensor HD- Gold,"₦ 139,000 "
Apple ,IPhone 6s Refurbished 4.7 Inch Smartphone 64GB - Black,"₦ 62,760 "
Apple ,"IPhone 6S 64GB 4.7"" Inch IOS Smartphone (Refurbished) - Gold","₦ 76,650 "
Apple ,Apple Brand IPhone 6S 128GB 4.7 Inch IOS 9.0 Apple A9+M9 Dual Core 64bit Up To 1.8GHz Smartphone(Grey),"₦ 84,640 "
Apple ,IPhone 5S-16G+1G - 4.0 Inch Screen-8MP Pixel Refurbished 4G LTE ( Gift ) Smart Phone-Black,"₦ 41,990 "
Apple ,IPhone 7 Plus Mobile Phone - 128GB - 3D Touch Technology - 5.5 Inch IOS 10 - Smartphone - Silver,"₦ 166,000 "
Apple ,IPhone 5C-16G ROM+1G RAM - 4.0 Inch Screen-8MP Pixel Refurbished 4G LTE ( Gift ) Smart Phone-white,"₦ 56,000 "
Apple ,IPhone SE 64GB Gold 4G LTE Fingerprint Unlock  4-inch Screen (Gift：accessories),"₦ 56,000 "
Apple ,IPhone 5C-16G ROM+1G RAM - 4.0 Inch Screen-8MP Pixel Refurbished 4G LTE ( Gift ) Smart Phone-white,"₦ 99,920 "
Apple ,IPhone 6s - 4.7 Inch 4G LET Smartphone 2GB+64GB 12MP Finger Sensor HD- Grey,"₦ 119,700 "
Apple ,IPhone 7Plus-5.5 Inch 4G LET Smartphone 2GB+128GB 12MP Finger Sensor HD-Silver,"₦ 209,900 "
Apple ,"IPhone XR (3GB RAM, 64GB ROM) IOS 12 (12MP+7MP) - Blue - (nano-SIM) Single","₦ 370,000 "
Apple ,IPhone 6 Mobile Phone 16GB 4.7 Inch IOS 8.0 Smartphone - Gold,"₦ 64,900 "
Apple ,Iphone 6S 32GB 4.7 Inch IOS Smartphone (Refurbished) - Pink,"₦ 72,800 "
Apple ,IPhone 6 Plus 16GB 5.5 Inch 8MP IOS 8.0 Camera Smartphone(Silver),"₦ 99,000 "
Apple ,IPhone 5SE-16G+1G - 4.0 Inch Screen-12MP Pixel Refurbished 4G LTE ( Gift ) Smart Phone-Silver,"₦ 56,000 "
Apple ,IPhone 6 Mobile Phone 16GB 4.7 Inch IOS 8.0 Apple A8+M8 Dual Core Up To 1.4GHz Smartphone(Grey),"₦ 58,590 "
Apple ,IPhone 5C-32G ROM+1G RAM - 4.0 Inch Screen-8MP Pixel Refurbished 4G LTE ( Gift ) Smart Phone-Green,"₦ 65,920 "
Apple ,Refurbished IPhone 6 4.7 Inch 128GB ROM With Finger Sensor US PLUG,"₦ 107,020 "
Apple ,IPhone 7-4.7 Inch Smartphone 2GB+128GB 12MP Finger Sensor 4G LTE (gift) HD-Gold,"₦ 152,900 "
Apple ,IPhone 6 Plus 5.5'' 128GB IOS 4G Smartphone With Fingerprint (Refurbished）- Gold,"₦ 250,000 "
Apple ,"IPhone 7 4.7 Inch 32GB ROM+2GB RAM (Refurbished,99%New) 12MP+7MP-Rose Gold","₦ 92,999 "
Apple ,IPhone 7 Mobile Phone - 32GB - 3D Touch IPS Technology - 4.7 Inch IOS 10 - Black,"₦ 98,850 "
Apple ,IPhone 6 Plus - 128GB - 5.5 Inch IOS 8.0 - With Finger Sensor 4G LTE - Apple Smartphone - Silver,"₦ 100,500 "
Apple ,IPhone 6s - 4.7 Inch 4G LET Smartphone 2GB+128GB 12MP Finger Sensor HD- Rose Gold,"₦ 129,700 "
Apple ,IPhone 6 128GB Mobile Phone - 4.7 Inch IOS 8.0 - Apple Smartphone - Gold,"₦ 77,000 "
Apple ,Refurbished IPhone SE A1662 / A1723 With Finger Sensor 16GB ROM-GOLDEN,"₦ 84,340 "
Apple ,"IPhone 6 Plus 16GB -Golden (Refurbished) 5.5""","₦ 112,750 "
Apple ,IPhone 6 4.7 Inch 1GB + 64GB 8MP + 1.2MP Finger Sensor 4G LTE Smartphone (Gift) – Silver,"₦ 56,800 "
Apple ,IPhone 6 Mobile Phone 16GB 4.7 Inch IOS 8.0 Smartphone - Silver,"₦ 64,900 "
Apple ,"IPhone SE 32GB 4.0"" - Rose With Fingerprint(Refurbished)","₦ 90,533 "
Apple ,Refurblished IPhone 7 A1660 / A1778 32GB ROM With Finger Sensor-GOLDEN,"₦ 102,898 "
Apple ,IPhone 7 Plus 5.5'' Inch (32GB+3GB) 12MP+7MP With Fingerprint Smartphone(Refurbished)-Matte Black,"₦ 125,900 "
Apple ,IPhone 7 Mobile Phone - 256GB - 3D Touch IPS Technology - 4.7 Inch IOS 10 - Smartphone - Silver,"₦ 126,800 "
Apple ,IPhone X 64GB - Space Grey,"₦ 425,000 "
Apple ,IPhone 5 - 16G+1G - 4.0 Inch Screen - 8MP Pixel Smart Phone,"₦ 20,400 "
Apple ,IPhone 5S - 16GB+1GB -8 MP- 4 Inch -iOS Smart Phone,"₦ 29,000 "
Apple ,IPhone 5S-16G+1G - 4.0 Inch Screen-8MP Pixel Refurbished 4G LTE ( Gift ) Smart Phone-Silver,"₦ 36,000 "
Apple ,IPhone 5S-32G+1G - 4.0 Inch Screen-8MP Pixel(Refurbished)4G LTE ( Gift ) Smart Phone-Pink,"₦ 48,700 "
Apple ,IPhone 5C-16G ROM+1G RAM - 4.0 Inch Screen-8MP Pixel Refurbished 4G LTE ( Gift ) Smart Phone-Blue,"₦ 56,000 "
Apple ,IPhone 6 16GB Gold 4G LTE Fingerprint Unlock 4.7-inch Screen (Gift：accessories) Smart Phone,"₦ 59,000 "
Apple ,IPhone 6 64GB (Refurbished) - Golden 4.7 Inch Sreen,"₦ 107,600 "
Apple ,IPhone 7 Plus Refurbished Smartphone 32GB - Black,"₦ 117,525 "
Apple ,IPhone 6s - 4.7 Inch 4G LET Smartphone 2GB+128GB 12MP Finger Sensor HD- Grey,"₦ 129,700 "
Apple ,IPhone 6s - 4.7 Inch 4G LET Smartphone 2GB+128GB 12MP Finger Sensor HD- Gold,"₦ 129,700 "
Apple ,IPhone 5S 16GB Silver 4G LTE Without Fingerprint (Refurbishment) 4-inch Screen (Gift：accessories),"₦ 25,999 "
Apple ,IPhone 6 32GB 4.7 Inch IOS Smartphone  (Refurbished) - Silvery,"₦ 49,990 "
Apple ,IPhone 6 64GB Grey 4G LTE Fingerprint Unlock 4.7-inch Screen (Gift：accessories) Smart Phone,"₦ 72,000 "
Apple ,IPhone 6 - 128GB - 4.7 Inch IOS 8.0 - Dual Core 1.4GHz - 8.0 MP Smartphone - Grey,"₦ 77,000 "
Apple ,Apple Brand IPhone 6 Plus 64GB 5.5 Inch IOS 8.0 Apple A8+M8 Dual Core Up To 1.4GHz Smartphone(Silver),"₦ 85,430 "
Apple ,IPhone 6s - 4.7 Inch 4G LET Smartphone 2GB+16GB 12MP Finger Sensor HD- Gold,"₦ 89,990 "
Apple ,IPhone 7 Mobile Phone - 32GB - 3D Touch IPS Technology - 4.7 Inch IOS 10 - Silver,"₦ 98,850 "
Apple ,OR 4.7-Inch Smartphone 5MP Front 12MP Rear Camera Fingerprint Phone For IPhone 6S-gray-EU Plug,"₦ 102,030 "
Apple ,"IPhone 8 Plus (256GB ROM, 3GBRAM) 5.5 Inch HD IOS 11.0 12MP Smartphone - Gray","₦ 224,500 "
Apple ,"IPhone 6 64GB 4.7"" Inch IOS Smartphone (Refurbished) - Black","₦ 49,990 "
Apple ,Iphone 6S Plus 64GB 5.5 Inch IOS Smartphone (Refurbished) - Gold,"₦ 108,800 "
Apple ,IPhone 5C-16G ROM+1G RAM - 4.0 Inch Screen-8MP Pixel Refurbished 4G LTE ( Gift ) Smart Phone-white,"₦ 36,880 "
Apple ,IPhone 6 4.7 Inch 1GB + 64GB 8MP + 1.2MP Finger Sensor 4G LTE Smartphone (Free Gift) – Silver,"₦ 48,503 "
Apple ,IPhone 6 Mobile Phone - 64GB - 4.7 Inch 8.0MP - Apple Smartphone - Grey,"₦ 73,500 "
Apple ,IPhone 6S Mobile Phone - 64GB - 4.7 Inch IOS 9.0 - Apple Smartphone - Silver,"₦ 87,400 "
Apple ,IPhone 7 Mobile Phone - 128GB - 3D Touch IPS Technology - 4.7 Inch IOS 10 - Smartphone - Red,"₦ 118,000 "
Apple ,IPhone 6 64GB Smartphone Apple Certified Refurbished - Sliver,"₦ 150,000 "
Apple ,Refurbished IPhone 5s A1533 / A1453 With Finger Sensor 1GB RAM 16GB ROM-SILVER,"₦ 44,840 "
Apple ,IPhone 5 32GB+1GB 4'' Mobile Phone 8MP Refurbished,"₦ 59,999 "
Apple ,IPhone 5C-32G ROM+1G RAM - 4.0 Inch Screen-8MP Pixel Refurbished 4G LTE ( Gift ) Smart Phone-pink,"₦ 65,920 "
Apple ,IPhone 6s - 4.7 Inch 4G LET Smartphone 2GB+64GB 12MP Finger Sensor HD- Silver,"₦ 119,700 "
Apple ,IPhone 6sP - 5.5 Inch 4G LET Smartphone 2GB+128GB 12MP Finger Sensor HD-Rose Gold,"₦ 169,000 "
Apple ,IPhone 7Plus-5.5 Inch 4G LET Smartphone 2GB+128GB 12MP Finger Sensor HD-Rose Gold,"₦ 209,900 "
Apple ,"IPhone 6 64GB 4.7"" Inch IOS Smartphone (Refurbished) - Black","₦ 59,300 "
Apple ,Refurbished IPhone 6s Plus A1687 / A1634 128GB ROM 2GB RAM-SILVER,"₦ 252,340 "
Apple ,IPhone 5S-32G+1G - 4.0 Inch Screen-8MP Pixel(Refurbished)4G LTE ( Gift ) Smart Phone-Pink,"₦ 48,690 "
Apple ,IPhone SE 32GB Pink 4G LTE Fingerprint Unlock  4-inch Screen (Gift：accessories),"₦ 54,000 "
Apple ,Apple IPhone 6 Mobile Phone - 64GB - 4.7 Inch 8.0MP - Apple Smartphone - Silver,"₦ 66,480 "
Apple ,IPhone 7 256G 4.7 Inch IOS Smartphone (Refurbished) - Pink,"₦ 139,500 "
Apple ,IPhone 7 Plus 128GB - Smartphone(Mobile) - Jet Black,"₦ 200,000 "
Apple ,IPhone 6S 16GB Apple 12MP+5MP With FaceTime - ROSEGOLD,"₦ 200,000 "
Apple ,IPhone 7-4.7 Inch Smartphone  2GB+128GB 12MP Finger Sensor 4G LTE (gift) HD-Jet Black,"₦ 400,000 "
Apple ,IPhone 5S-16G+1G - 4.0 Inch Screen-8MP Pixel Refurbished 4G LTE ( Gift ) Smart Phone-Black,"₦ 41,990 "
Apple ,IPhone 5SE-32G+1G - 4.0 Inch Screen-12MP Pixel Refurbished 4G LTE ( Gift ) Smart Phone-Rose Gold,"₦ 74,890 "
Apple ,IPhone 6 Mobile Phone - 128GB - 4.7 Inch IOS 8.0 - 8MP- Apple Smartphone - Silver,"₦ 77,000 "
Apple ,IPhone 7-4.7 Inch 4G LET Smartphone 2GB+128GB 12MP Finger Sensor HD-Rose Gold,"₦ 152,900 "
Apple ,IPhone 7 128GB Smartphone - Gold(Refurbished),"₦ 500,000 "
Apple ,IPhone 5 64GB - Silver 4.0 Inch Screen (refurbished),"₦ 46,096 "
Apple ,IPhone 5SE-64G+1G - 4.0 Inch Screen-12MP Pixel Refurbished 4G LTE ( Gift ) Smart Phone-Grey,"₦ 78,890 "
Apple ,IPhone 7 Plus Mobile Phone - 256GB - 3D Touch Technology - 5.5 Inch IOS 10 - Smartphone - Jet Black,"₦ 157,270 "
Apple ,IPhone 7Plus-5.5 Inch 4G LET Smartphone 2GB+32GB 12MP Finger Sensor HD-Rose Gold,"₦ 197,890 "
Apple ,IPhone 5C 32GB Green 4G -  4-inch Screen (Gift：accessories) Smart Phone(Refurbished）,"₦ 28,500 "
Apple ,Refurbished IPhone SE A1662 / A1723 With Finger Sensor 16GB ROM-GRAY,"₦ 84,340 "
Apple ,IPhone 7-4.7 Inch 4G LET Smartphone 2GB+32GB 12MP Finger Sensor HD-Rose Gold,"₦ 106,000 "
Apple ,"Iphone 6S 128GB 4.7"" Inch IOS Smartphone (Refurbished) - Silvery","₦ 106,990 "
Apple ,IPhone 6s - 4.7 Inch 4G LET Smartphone 2GB+32GB 12MP Finger Sensor HD- Gold,"₦ 109,090 "
Apple ,IPhone 7 128G 4.7 Inch IOS Smartphone (Refurbished) - Silvery,"₦ 115,200 "
Apple ,IPhone XS 256GB Silver,"₦ 270,000 "
Apple ,IPhone 5 - 16G - 4.0 Inch Screen - 8MP Pixel Ios Smart Phone,"₦ 20,400 "
Apple ,Refurbished IPhone 6 4.7 Inch 64GB ROM With Finger Sensor EU PLUG,"₦ 53,540 "
Apple ,IPhone 6s - 4.7 Inch 4G LET Smartphone 2GB+16GB 12MP Finger Sensor HD- Grey,"₦ 69,900 "
Apple ,IPhone 6S Mobile Phone - 128GB - 4.7 Inch IOS 9.0 - 8MP - Apple Smartphone - Rose Gold,"₦ 93,500 "
Apple ,OR 4.7-Inch Dual Core Smartphone 8MP Camera Fingerprint Unlock Phone For IPhone 6-silver-EU Plug,"₦ 99,300 "
Apple ,IPhone 6S Plus Mobile Phone -16GB - 5.5 Inch IOS 9.0 - Apple Smartphone - Rose Gold,"₦ 104,900 "
Apple ,IPhone 7 Mobile Phone 32GB 3D Touch IPS Technology 4.7 Inch Smartphone - Silver,"₦ 109,300 "
Apple ,IPhone 5 - 16GB ROM +1GB RAM -8 MP- 4 Inch - Apple Smartphones,"₦ 20,400 "
Apple ,IPhone 6 4.7 Inch 1GB + 64GB 8MP + 1.2MP No Finger Sensor 4G LTE Smartphone (Gift) – Silver,"₦ 53,900 "
Apple ,"IPhone 6 64GB 4.7"" Inch IOS Smartphone (Refurbished) - Gold","₦ 59,300 "
Apple ,IPhone 6s 4.7'' (64GB+2GB) 12MP+5MP-With Fingerprint Sensor Smartphone(Refurbished)-Silver,"₦ 68,900 "
Apple ,IPhone 6s - 4.7 Inch 4G LET Smartphone 2GB+16GB 12MP Finger Sensor HD- Gold,"₦ 70,000 "
Apple ,IPhone 6 Plus Mobile Phone - 16GB - 5.5 Inch IOS 8.0 - Apple Smartphone - Grey,"₦ 84,800 "
Apple ,IPhone 6S Plus - 64GB - 5.5 Inch IOS 9.0 - Apple A9+M9 Dual Core - Smartphone - Rose Gold,"₦ 113,600 "
Apple ,IPhone 5 - 16GB ROM +1GB RAM -8 MP- 4 Inch - Apple Smartphones,"₦ 20,400 "
Apple ,IPhone 6 Mobile Phone - 64GB - 4.7 Inch 8.0MP - Apple Smartphone - Grey,"₦ 73,500 "
Apple ,"IPhone 6 Plus 64GB 5.5"" Inch IOS Smartphone (Refurbished) - Black","₦ 78,800 "
Apple ,IPhone 6S Plus - Mobile Phone - 128GB - 5.5 Inch IOS 9.0 - Apple Smartphone - Rose Gold,"₦ 109,110 "
Apple ,"Apple IPhone 8 Mobile Phone (256GB ROM, 2GB RAM) 4.7Inch HD IOS 11.0 12MP Smartphone - Gold","₦ 155,690 "
Apple ,"IPhone X Mobile Phone (256GB ROM, 3GB RAM) 5.8 Inch With Tempered Glass Smartphone - White","₦ 259,900 "
Apple ,Refurbished IPhone 5s A1533 / A1453 With Finger Sensor 1GB RAM 64GB ROM - GOLDEN,"₦ 51,064 "
Apple ,IPhone 5C-32G ROM+1G RAM - 4.0 Inch Screen-8MP Pixel Refurbished 4G LTE ( Gift ) Smart Phone-Blue,"₦ 65,920 "
Apple ,IPhone 8 64G 4.7 Inch IOS Smartphone (Refurbished) - Silvery,"₦ 125,120 "
Apple ,Apple IPhone X - 5.8'' - 3GB RAM + 64GB ROM - (12MP + 12MP) + 7MP Smartphone - Black,"₦ 210,950 "
Apple ,IPhone 5S-16G+1G - 4.0 Inch Screen-8MP Pixel Refurbished 4G LTE ( Gift ) Smart Phone-Silver,"₦ 41,990 "
Apple ,"Refurbished  Iphone 5 Mobile Phone 16GB ROM IOS 4.0 ""8 Million Pixel Touch Screen ICloud WIFI GPS GPRS Unlock","₦ 46,999 "
Apple ,IPhone 6 128GB Mobile Phone Apple - 4.7 Inch IOS 8.0 - Smartphone - Gold,"₦ 98,000 "
Apple ,IPhone 7 Mobile Phone - 32GB - 3D Touch IPS Technology - 4.7 Inch IOS 10 - Apple Smartphone - Black,"₦ 109,300 "
Apple ,IPhone 6S Plus - 64GB - 5.5 Inch - IOS 9.0 - Apple Smartphone - Silver,"₦ 113,600 "
Apple ,IPhone 6sP - 5.5 Inch 4G LET Smartphone 2GB+16GB 12MP Finger Sensor HD-Grey,"₦ 139,000 "
Apple ,IPhone 7 Plus 128GB 5.5 Inch IOS Smartphone (Refurbished) - Black,"₦ 153,900 "
Apple ,"Iphone 6S 64GB 4.7"" Inch IOS Smartphone (Refurbished) - Silvery","₦ 76,650 "
Apple ,"5.5"" IPhone 6 Plus 16GB -Grey (Refurbished)","₦ 112,750 "
Apple ,IPhone 6S Plus - 64GB - 5.5 Inch IOS 9.0 - Apple A9+M9 Dual Core - Smartphone - Rose Gold,"₦ 113,600 "
Apple ,IPhone 7-4.7 Inch Smartphone 2GB+32GB 12MP Finger Sensor 4G LTE (gift) HD-Red,"₦ 127,900 "
Apple ,IPhone 7 Plus Mobile Phone - 32GB - 3D Touch Technology - 5.5 Inch IOS 10 - Smartphone - Black,"₦ 154,600 "
Apple ,IPhone 4S - 16GB -iOS  Black/White - 1 Year Warranty,"₦ 15,300 "
Apple ,IPhone 6 16GB Without Fingerprint Unlock 4G LTE Refurbishment(Gift) --Grey,"₦ 54,490 "
Apple ,IPhone 5C-32G ROM+1G RAM - 4.0 Inch Screen-8MP Pixel Refurbished 4G LTE ( Gift ) Smart Phone-white,"₦ 65,920 "
Apple ,IPhone 5SE-32G+1G - 4.0 Inch Screen-12MP Pixel Refurbished 4G LTE ( Gift ) Smart Phone-Silver,"₦ 74,890 "
Apple ,IPhone 6sP - 5.5 Inch 4G LET Smartphone 2GB+128GB 12MP Finger Sensor HD- Gold,"₦ 169,000 "
Apple ,IPhone X 64gb - Spacegray,"₦ 322,000 "
Apple ,IPhone 5S-16G+1G - 4.0 Inch Screen-8MP Pixel(Refurbished)4G LTE ( Gift ) Smart Phone-Pink,"₦ 41,990 "
Apple ,Apple IPhone 6 Plus Mobile Phone - 16GB - 5.5 Inch IOS 8.0 - Apple Smartphone - Gold,"₦ 76,750 "
Apple ,"IPhone 6 Plus 16GB -Silver (Refurbished) 5.5""","₦ 112,750 "
Apple ,"Iphone 7 Plus Screen: 5.5 Inches LED-backlit IPS LCD Memory: 3GB RAM, 32GB","₦ 235,000 "
Apple ,"IPhone SE 16GB 4.0"" - Rose With Fingerprint(Refurbished)","₦ 78,189 "
Apple ,IPhone 6 Plus 128GB 5.5 Inch IOS Smartphone (Refurbished) - Silvery,"₦ 78,800 "
Apple ,IPhone 7 Mobile Phone - 32GB - 3D Touch IPS Technology - 4.7 Inch IOS 10  - Gold,"₦ 98,850 "
Apple ,"Iphone 6S Plus 32GB 5.5"" Screen Inch IOS Smartphone (Refurbished) - Silvery","₦ 99,150 "
Apple ,IPhone 6S Plus - Mobile Phone - 128GB - 5.5 Inch IOS 9.0 - Apple Smartphone - Gold,"₦ 123,000 "
Apple ,IPhone 6sP - 5.5 Inch 4G LET Smartphone 2GB+128GB 12MP Finger Sensor HD- Silver,"₦ 169,000 "
Apple ,IPhone 5C 32GB Yellow 4G LTE  4-inch Screen (Gift：accessories) Smart Phone,"₦ 29,000 "
Apple ,IPhone 5SE-64G+1G - 4.0 Inch Screen-12MP Pixel Refurbished 4G LTE ( Gift ) Smart Phone-Rose Gold,"₦ 75,900 "
Apple ,"Iphone 6S Plus 32GB 5.5"" Screen Inch IOS Smartphone (Refurbished) - Gold","₦ 99,150 "
Apple ,IPhone 6S Plus - 64GB - 5.5 Inch - IOS 9.0 - Apple Smartphone - Silver,"₦ 113,600 "
Apple ,IPhone 6S Plus - Mobile Phone - 128GB - 5.5 Inch IOS 9.0 - Apple Smartphone - Gold,"₦ 123,000 "
Apple ,IPhone 6sP - 5.5 Inch 4G LET Smartphone 2GB+32GB 12MP Finger Sensor HD-Rose Gold,"₦ 149,000 "
Apple ,IPhone 7 Plus Mobile Phone - 128GB - 3D Touch Technology - 5.5 Inch IOS 10 - Smartphone - Rose Gold,"₦ 166,000 "
Apple ,IPhone 6sP - 5.5 Inch 4G LET Smartphone 2GB+128GB 12MP Finger Sensor HD-Rose Gold,"₦ 169,000 "
Apple ,IPhone 6 Plus 16GB Silver 4G LTE Fingerprint Unlock  5.5-inch Screen (Gift：accessories),"₦ 75,500 "
Apple ,"Iphone 6S 64GB 4.7"" Inch IOS Smartphone (Refurbished) - Black","₦ 76,650 "
Apple ,Refurbished IPhone SE A1662 / A1723 64GB ROM With Finger Sensor -ROSE GOLD,"₦ 83,280 "
Apple ,IPhone 6 16GB (Refurbished) - Golden 4.7 Inch Sreen,"₦ 90,533 "
Apple ,IPhone 6S Plus 128GB 5.5 Inch IOS Smartphone (Refurbished) - Black,"₦ 107,880 "
Apple ,IPhone 7 Mobile Phone - 256GB - 3D Touch IPS Technology - 4.7 Inch IOS 10 - Smartphone - Rose Gold,"₦ 126,800 "
Apple ,Refurb IPhone 7 A1660 / A1778 32GB ROM With Finger Sensor,"₦ 148,725 "
Apple ,"IPhone 8 Mobile Phone (256GB ROM, 2GB RAM) 4.7Inch HD IOS 11.0 12MP Smartphone - Gray","₦ 180,900 "
Apple ,IPhone 7 Plus 256GB 5.5 Inch IOS Smartphone (Refurbished) - Silvery,"₦ 188,800 "
Apple ,Iphone 5 Black 32gb Smart Phone- Mobile Phone 4-inch Screen(Gift：accessories)(Refurbished）,"₦ 25,000 "
Apple ,IPhone 5C-32G ROM+1G RAM - 4.0 Inch Screen-8MP Pixel Refurbished 4G LTE ( Gift ) Smart Phone-Blue,"₦ 65,940 "
Apple ,IPhone 8 Mobile Phone - 64GB - 4.7 Inch IOS 11.0 - 12MP Camera - Smartphone - Silver,"₦ 163,900 "
Apple ,IPhone 6 16GB Without Fingerprint Unlock 4G LTE Refurbishment(Gift) --Silver,"₦ 54,490 "
Apple ,IPhone 6S Plus Refurbished Smartphone 128GB With Finger Sensor - Black,"₦ 88,092 "
Apple ,"Iphone 6S Plus 32GB 5.5"" Screen Inch IOS Smartphone (Refurbished) - Pink","₦ 98,150 "
Apple ,Refurbished IPhone 5s A1533 / A1453 With Finger Sensor 1GB RAM 16GB ROM - SILVER,"₦ 48,761 "
Apple ,IPhone 7 Plus Mobile Phone - 32GB - 3D Touch Technology - 5.5 Inch IOS 10 - Smartphone - Jet Black,"₦ 154,600 "
Apple ,IPhone 5SE-32G+1G - 4.0 Inch Screen-12MP Pixel Refurbished 4G LTE ( Gift ) Smart Phone-Rose Gold,"₦ 74,890 "
Apple ,IPhone 7 32GB 3D Touch IPS Technology 4.7 Inch IOS 10 A10+M10 Quad Core Smartphone(Rose Gold),"₦ 98,850 "
Apple ,IPhone 7 Mobile Phone - 128GB - 3D Touch IPS Technology - 4.7 Inch IOS 10 - Smartphone - Black,"₦ 118,000 "
Apple ,IPhone 7 Mobile Phone - 256GB - 3D Touch IPS Technology - 4.7 Inch IOS 10 - Smartphone - Gold,"₦ 126,800 "
Apple ,IPhone 7 Plus 128GB 5.5 Inch IOS Smartphone (Refurbished) - Black,"₦ 153,900 "
Apple ,IPhone 6sP - 5.5 Inch 4G LET Smartphone 2GB+64GB 12MP Finger Sensor HD- Silver,"₦ 159,000 "
Apple ,"IPhone 8 Plus (256GB ROM, 3GBRAM) 5.5 Inch HD IOS 11.0 12MP Smartphone - Gold","₦ 224,500 "
Apple ,IPhone 5 64GB - Black 4.0 Inch Screen (refurbished),"₦ 46,096 "
Apple ,Iphone 7 Plus 128GB 5.5 Inch IOS Smartphone (Refurbished) - Silvery,"₦ 153,900 "
Apple ,IPhone XS 64GB - Gold (nano-SIM And ESIM),"₦ 450,000 "
Apple ,Apple Brand IPhone 6S 128GB 4.7 Inch IOS 9.0 Apple A9+M9 Dual Core 64bit Up To 1.8GHz Smartphone(Gold),"₦ 84,640 "
Apple ,IPhone 7 Mobile Phone - 128GB - 3D Touch IPS Technology - 4.7 Inch IOS 10 - Smartphone - Rose Gold,"₦ 118,000 "
Apple ,IPhone 7 Plus 32GB 5.5 Inch IOS 10 12MP Camera Smartphone(Gold),"₦ 139,900 "
Apple ,Refurbished IPhone 6s A1688 / A1633 16GB ROM With Finger Sensor - SILVER,"₦ 89,496 "
Apple ,IPhone 6S Plus - Mobile Phone - 128GB - 5.5 Inch IOS 9.0 - Apple Smartphone - Rose Gold,"₦ 123,000 "
Apple ,IPhone 6 Mobile Phone - 64GB - 4.7 Inch IOS 8.0 - Apple Smartphone - Gold,"₦ 73,500 "
Apple ,IPhone 6S Mobile Phone - 64GB - 4.7 Inch IOS 9.0 - Apple Smartphone - Grey,"₦ 87,400 "
Apple ,IPhone 6S Plus - Mobile Phone - 128GB - 5.5 Inch IOS 9.0 - Apple Smartphone - Silver,"₦ 123,000 "
Apple ,IPhone 6sP - 5.5 Inch 4G LET Smartphone 2GB+32GB 12MP Finger Sensor HD-Rose Gold,"₦ 149,000 "
Apple ,IPhone 7-4.7 Inch Smartphone 2GB+128GB 12MP Finger Sensor 4G LTE (gift) HD-Silver,"₦ 152,900 "
Apple ,IPhone 7Plus-5.5 Inch 4G LET Smartphone 2GB+128GB 12MP Finger Sensor HD-Gold,"₦ 209,900 "
Apple ,"IPhone X 5.8-Inches Super AMOLED (3GB RAM, 64GB ROM) IOS 11.1.1, (12MP + 12MP) + 7MP 4G LTE Smartphone - Space Grey","₦ 290,000 "
Apple ,IPhone 7-4.7 Inch Smartphone 2GB+128GB 12MP Finger Sensor 4G LTE (gift) HD-Red,"₦ 152,900 "
Apple ,IPhone 6 Plus 16GB Gold 4G LTE Fingerprint Unlock  5.5-inch Screen (Gift：accessories),"₦ 75,500 "
Apple ,IPhone 7 32GB (Refurbished) - Silver 4.7 Inch Sreen,"₦ 173,149 "
Apple ,Refurbished IPhone 6s Plus A1687 / A1634 64GB ROM 2GB RAM - SILVER,"₦ 216,150 "
Apple ,"IPhone X Mobile Phone (64GB ROM, 3GB RAM) 5.8 Inch IOS 11.0 With Tempered Glass Smartphone - Black","₦ 241,900 "
Apple ,IPhone 5SE-16G+1G - 4.0 Inch Screen-12MP Pixel Refurbished 4G LTE ( Gift ) Smart Phone-Rose Gold,"₦ 59,990 "
Apple ,IPhone 5SE-32G+1G - 4.0 Inch Screen-12MP Pixel Refurbished 4G LTE ( Gift ) Smart Phone-Rose Gold,"₦ 70,900 "
Apple ,IPhone 7 32GB 3D Touch IPS Technology 4.7 Inch IOS 10 A10+M10 Quad Core Smartphone - Rose Gold,"₦ 109,300 "
Apple ,IPhone 5 16GB (Refurbished) 4.0 Inch Screen -Silver,"₦ 37,456 "
Apple ,IPhone 5S-32G+1G - 4.0 Inch Screen-8MP Pixel Refurbished 4G LTE ( Gift ) Smart Phone-Gold,"₦ 48,690 "
Apple ,Apple IPhone 6 Mobile Phone - 64GB - 4.7 Inch 8.0MP - Apple Smartphone - Grey,"₦ 66,480 "
Apple ,Certified Refurbished IPhone 6 Plus 16GB Smartphone - Silver,"₦ 105,970 "
Apple ,IPhone 7 Plus 32GB Smartphone,"₦ 417,520 "
Apple ,Refurbished IPhone 7 128GB Smartphone - RoseGold (Refurbished),"₦ 500,000 "
Apple ,IPhone 4S - 16GB - 512MB RAM - 3.5 Inch IOS Cell Phone,"₦ 15,300 "
Apple ,IPhone 6s 4.7'' (64GB+2GB) 12MP+5MP-With Fingerprint Sensor Smartphone(Refurbished)-Gold,"₦ 68,090 "
Apple ,"IPhone 6 Plus 64GB 5.5"" Inch IOS Smartphone (Refurbished) - Gold","₦ 78,800 "
Apple ,IPhone 7 Mobile Phone - 128GB - 3D Touch IPS Technology - 4.7 Inch IOS 10 - Smartphone - Red,"₦ 118,000 "
Apple ,IPhone 6sP - 5.5 Inch 4G LET Smartphone 2GB+16GB 12MP Finger Sensor HD-Rose Gold,"₦ 139,000 "
Apple ,IPhone 6sP - 5.5 Inch 4G LET Smartphone 2GB+16GB 12MP Finger Sensor HD- Silver,"₦ 139,000 "
Apple ,IPhone 7 256G 4.7 Inch IOS Smartphone (Refurbished) - Black,"₦ 139,500 "
Apple ,IPhone 5C-32G ROM+1G RAM - 4.0 Inch Screen-8MP Pixel Refurbished 4G LTE ( Gift ) Smart Phone-Blue,"₦ 65,920 "
Apple ,Apple IPhone 6S Plus Mobile Phone 16GB 5.5 Inch IOS 9.0 Smartphone(Silver),"₦ 94,900 "
Apple ,Refurb IPhone 7 A1660 / A1778 2GB RAM 32GB ROM With Finger Sensor - Black,"₦ 107,130 "
Apple ,Iphone 7 Plus 128GB 5.5 Inch IOS Smartphone (Refurbished) - Gold,"₦ 153,900 "
Apple ,IPhone 5S 64GB Gold  4G LTE Fingerprint Unlock  4-inch Screen (Gift：accessories),"₦ 39,999 "
Apple ,IPhone 5S 64GB Black  4G LTE Fingerprint Unlock  4-inch Screen (Gift：accessories),"₦ 39,999 "
Apple ,IPhone 5SE-16G+1G - 4.0 Inch Screen-12MP Pixel Refurbished 4G LTE ( Gift ) Smart Phone-Silver,"₦ 59,990 "
Apple ,Apple IPhone 6 Mobile Phone - 64GB - 4.7 Inch 8.0MP - Apple Smartphone - Gold,"₦ 66,480 "
Apple ,Refurbished IPhone SE A1662 / A1723 With Finger Sensor 16GB ROM - GRAY,"₦ 91,681 "
Apple ,IPhone 6 Plus 64GB Silver 4G - Fingerprint Unlock  5.5-inch Screen (Gift：accessories)(Refurbished）,"₦ 93,500 "
Apple ,IPhone 6s - 4.7 Inch 4G LET Smartphone 2GB+32GB 12MP Finger Sensor HD- Gold,"₦ 109,000 "
Apple ,IPhone 7 Plus Mobile Phone - 128GB - 3D Touch Technology - 5.5 Inch IOS 10 - Smartphone - Black,"₦ 166,000 "
Apple ,IPhone 7 Plus 256GB 5.5 Inch IOS Smartphone (Refurbished) - Black,"₦ 188,800 "
Apple ,IPhone 4S 16GB 5MP 3.5 Inch IOS 95% New Smartphone,"₦ 15,300 "
Apple ,IPhone 6 4.7 Inch 1GB+16GB ROM Fingerprint 8MP+1.2MP(Refurbished)-Grey,"₦ 44,450 "
Apple ,IPhone 5SE-16G+1G - 4.0 Inch Screen-12MP Pixel Refurbished 4G LTE ( Gift ) Smart Phone-Rose Gold,"₦ 56,000 "
Apple ,Iphone 6S 32GB 4.7 Inch IOS Smartphone (Refurbished) - Silvery,"₦ 73,800 "
Apple ,IPhone 6S 16GB Pink 4G LTE 3D Touch Fingerprint Unlock  4.7-inch Screen (Gift：accessories) Smart Phone,"₦ 78,000 "
Apple ,IPhone 5 - 16GB ROM +1GB RAM -8 MP- 4 Inch - Apple Smartphones,"₦ 19,400 "
Apple ,IPhone 6 Plus 64GB Gold 4G LTE Fingerprint Unlock  5.5-inch Screen (Gift：accessories),"₦ 94,500 "
Apple ,IPhone 6S Plus Mobile Phone -16GB - 5.5 Inch IOS 9.0 - Apple Smartphone - Silver,"₦ 104,900 "
Apple ,"Iphone 6S 128GB 4.7"" Inch IOS Smartphone (Refurbished) - Black","₦ 106,990 "
Apple ,Iphone 6S Plus 128GB 5.5 Inch IOS Smartphone (Refurbished) - Silvery,"₦ 109,970 "
Apple ,IPhone 6sP - 5.5 Inch 4G LET Smartphone 2GB+16GB 12MP Finger Sensor HD-Rose Gold,"₦ 139,000 "
Apple ,"IPhone 8 Plus (256GB ROM, 3GBRAM) 5.5 Inch HD IOS 11.0 12MP Smartphone - Gold","₦ 207,000 "
Apple ,IPhone 6 64GB (Refurbished) - Silver 4.7 Inch Sreen,"₦ 107,600 "
Apple ,IPhone 5 - 16GB ROM +1GB RAM -8 MP- 4 Inch -  Apple Smartphones,"₦ 22,800 "
Apple ,IPhone 5C 8GB Blue 4G LTE  4-inch Screen (Gift：accessories) Smart Phone,"₦ 25,100 "
Apple ,IPhone SE 16GB Grey 4G LTE Fingerprint Unlock  4-inch Screen (Gift：accessories),"₦ 52,000 "
Apple ,IPhone 6S 64GB Gold 4G LTE 3D Touch Fingerprint Unlock  4.7-inch Screen (Gift：accessories) Smart Phone,"₦ 83,500 "
Apple ,IPhone 7 Mobile Phone - 128GB - 3D Touch IPS Technology - 4.7 Inch IOS 10 - Smartphone - Rose Gold,"₦ 118,000 "
Apple ,IPhone 5C 32GB Green 4G LTE  4-inch Screen (Gift：accessories) Smart Phone,"₦ 29,000 "
Apple ,IPhone SE 16GB Gold 4G LTE Fingerprint Unlock  4-inch Screen (Gift：accessories),"₦ 52,000 "
Apple ,"IPhone 6 128GB 4.7"" Inch IOS Smartphone (Refurbished) - Black","₦ 62,220 "
Apple ,IPhone 6S 16GB Gold 4G LTE 3D Touch Fingerprint Unlock  4.7-inch Screen (Gift：accessories) Smart Phone,"₦ 78,000 "
Apple ,IPhone 6s - 4.7 Inch 4G LET Smartphone 2GB+64GB 12MP Finger Sensor HD- Silver,"₦ 90,500 "
Apple ,IPhone 6S Plus Mobile Phone -16GB - 5.5 Inch IOS 9.0 - Apple Smartphone - Rose Gold,"₦ 104,900 "
Apple ,Refurbished IPhone 6s Plus A1687 / A1634 16GB ROM 2GB RAM - GOLDEN,"₦ 110,538 "
Apple ,IPhone 7 256GB 4.7 Inch Quad Core IOS 10 12MP Camera Smartphone(Red),"₦ 114,650 "
Apple ,IPhone 5S 16GB Grey 4G LTE Without Fingerprint (Refurbishment) 4-inch Screen (Gift：accessories),"₦ 25,500 "
Apple ,Refurbished IPhone 5s With Finger Sensor 1GB RAM 16GB ROM-SILVER,"₦ 76,549 "
Apple ,IPhone 6 - 128GB - 4.7 Inch IOS 8.0 - Dual Core 1.4GHz - 8.0 MP Smartphone - Grey,"₦ 77,000 "
Apple ,Refurb IPhone 6s A1688 / A1633 (2GB RAM + 16GB ROM) No Finger Sensor - Gold,"₦ 81,835 "
Apple ,IPhone 7 Mobile Phone - 32GB - 3D Touch IPS Technology - 4.7 Inch IOS 10 - Apple Smartphone - Gold,"₦ 109,300 "
Apple ,IPhone 7-4.7 Inch Smartphone  2GB+32GB 12MP Finger Sensor 4G LTE (gift) HD-Jet Black,"₦ 127,900 "
Apple ,IPhone 7 Plus 32GB 5.5 Inch IOS 10 12MP Camera Smartphone(Silver),"₦ 139,900 "
Apple ,"Apple IPhone 8 Mobile Phone (256GB ROM, 2GB RAM) 4.7Inch HD IOS 11.0 12MP Smartphone - Silver","₦ 155,690 "
Apple ,Apple IPhone 7 Plus - 5.5'' - 256GB ROM + 3GB RAM - Refurbished Smartphone - Gold,"₦ 157,270 "
Apple ,IPhone 7 Mobile Phone - 256GB - 3D Touch IPS Technology - 4.7 Inch IOS 10 - Smartphone - Red,"₦ 126,800 "
Apple ,"IPhone 8 Plus (64GB ROM, 3GB RAM) 5.5 Inch HD IOS 11.0 12MP Smartphone - Silver","₦ 198,500 "
Apple ,Refurbished IPhone 5s A1533 / A1453 With Finger Sensor 1GB RAM 16GB ROM - GOLDEN,"₦ 54,895 "
Apple ,Apple Brand IPhone 6S 128GB 4.7 Inch IOS 9.0 Apple A9+M9 Dual Core 64bit Up To 1.8GHz Smartphone(Rose Gold),"₦ 84,640 "
Apple ,IPhone 6s - 4.7 Inch 4G LET Smartphone 2GB+128GB 12MP Finger Sensor HD- Gold,"₦ 129,700 "
Apple ,Iphone 7 Plus 256GB 5.5 Inch IOS Smartphone (Refurbished) - Red,"₦ 188,800 "
Apple ,IPhone 5S-32G+1G - 4.0 Inch Screen-8MP Pixel(Refurbished)4G LTE ( Gift ) Smart Phone-Pink,"₦ 48,690 "
Apple ,"IPhone 6 64GB 4.7"" Inch IOS Smartphone (Refurbished) - Silvery","₦ 59,300 "
Apple ,IPhone 5SE-32G+1G - 4.0 Inch Screen-12MP Pixel Refurbished 4G LTE ( Gift ) Smart Phone-Grey,"₦ 74,890 "
Apple ,Iphone 6S Plus 16GB 5.5 Inch IOS Smartphone (Refurbished) - Silvery,"₦ 78,810 "
Apple ,"Iphone 6S Plus 16GB 5.5"" Inch IOS Smartphone (Refurbished) - Gold","₦ 78,810 "
Apple ,IPhone 6 Plus - 128GB - 5.5 Inch IOS 8.0 - With Finger Sensor 4G LTE - Apple Smartphone Gold,"₦ 100,500 "
Apple ,IPhone 7 Mobile Phone - 256GB - 3D Touch IPS Technology - 4.7 Inch IOS 10 - Smartphone - Silver,"₦ 126,800 "
Apple ,IPhone 6sP - 5.5 Inch 4G LET Smartphone 2GB+128GB 12MP Finger Sensor HD- Gold,"₦ 169,100 "
Apple ,IPhone 5 16GB  4.0 Inch Screen,"₦ 19,400 "
Apple ,IPhone 6S Mobile Phone - 16GB - 4.7 Inch IOS 9.0 - 8MP - Smartphone - Silver,"₦ 80,400 "
Apple ,IPhone 7 Plus Mobile Phone - 256GB - 3D Touch Technology - 5.5 Inch IOS 10 - Smartphone - Rose Gold,"₦ 173,900 "
Apple ,IPhone 5 - 16G+1G - 4.0 Inch Screen - 8MP Pixel  Smart Phone,"₦ 19,400 "
Apple ,IPhone 6S 64GB Pink 4G LTE 3D Touch Fingerprint Unlock  4.7-inch Screen (Gift：accessories) Smart Phone,"₦ 83,500 "
Apple ,IPhone 6S Plus Mobile Phone -16GB - 5.5 Inch IOS 9.0 - Apple Smartphone - Grey,"₦ 104,900 "
Apple ,Refurbished IPhone 6s A1688 / A1633 16GB ROM With Finger Sensor-ROSE GOLD,"₦ 83,030 "
Apple ,IPhone 6s - 4.7 Inch 4G LET Smartphone 2GB+16GB 12MP Finger Sensor HD- Silver,"₦ 89,990 "
Apple ,"IPhone 6Plus 5.5-Inch Fingerprint Sensor HD (1GB, 16GB ROM)IOS 1.2 8MP+7MP Smartphone–Silver","₦ 98,590 "
Apple ,IPhone 6 Plus - 128GB - 5.5 Inch IOS 8.0 - With Finger Sensor 4G LTE - Apple Smartphone - Grey,"₦ 100,500 "
Apple ,IPhone 6S Plus Mobile Phone - 64GB - 5.5 Inch IOS 9.0 - 12MP - Smartphone - Grey,"₦ 113,600 "
Apple ,IPhone 6s - 4.7 Inch 4G LET Smartphone 2GB+64GB 12MP Finger Sensor HD- Gold,"₦ 119,700 "
Apple ,IPhone 7 Mobile Phone - 256GB - 3D Touch IPS Technology - 4.7 Inch IOS 10 - Smartphone - Jet Black,"₦ 126,800 "
Apple ,IPhone 8 Plus 256GB 5.5 Inch IOS Smartphone (Refurbished) - Gold,"₦ 213,000 "
Apple ,IPhone 4s Black 32gb Smart Phone Mobile Phone 3.5-inch Screen (Gift：accessories),"₦ 17,000 "
Apple ,Iphone 7 Plus 32GB 5.5 Inch IOS Smartphone (Refurbished) - Pink,"₦ 116,990 "
Apple ,IPhone 6sP - 5.5 Inch 4G LET Smartphone 2GB+64GB 12MP Finger Sensor HD- Gold,"₦ 159,000 "
Apple ,IPhone 5C 16GB Green 4G -  4-inch Screen (Gift：accessories) Smart Phone(Refurbished),"₦ 26,000 "
Apple ,"IPhone 6Plus 5.5-Inch  Fingerprint Sensor HD (1GB, 128GB ROM) IOS 1.2 8MP+7MP Smartphone–Gold","₦ 135,990 "
Apple ,"IPhone 6S 16GB 4.7"" Inch IOS Smartphone (Refurbished) - Black","₦ 52,990 "
Apple ,IPhone 6 Plus 16GB Grey 4G - Fingerprint Unlock  5.5-inch Screen (Gift：accessories)(Refurbished),"₦ 74,500 "
Apple ,IPhone 5SE-64G+1G - 4.0 Inch Screen-12MP Pixel Refurbished 4G LTE ( Gift ) Smart Phone-Grey,"₦ 78,890 "
Apple ,Apple Brand IPhone 6 Plus 128GB 5.5 Inch IOS 8.0 Apple A8+M8 Dual Core Up To 1.4GHz Smartphone(Grey),"₦ 90,960 "
Apple ,IPhone 6 Plus 64GB 5.5 Inch 8MP IOS 8.0 Camera 4GSmartphone(Grey),"₦ 100,000 "
Apple ,IPhone 7-4.7 Inch 4G LET Smartphone 2GB+128GB 12MP Finger Sensor HD-Rose Gold,"₦ 106,900 "
Apple ,"IPhone 6 4.7-Inch  Fingerprint Sensor HD (1GB, 128GB ROM) IOS 1.2 8MP+7MP Smartphone–Gold","₦ 123,900 "
Apple ,IPhone 4s Phone 3.5'' 16GB 8MP IOS Smart Phone Facebook,"₦ 15,300 "
Apple ,IPhone 5C 8GB Blue 4G   4-inch Screen (Gift：accessories) Smart Phone(Refurbished）,"₦ 24,500 "
Apple ,IPhone 5C 8GB Pink 4G LTE  4-inch Screen (Gift：accessories) Smart Phone,"₦ 25,100 "
Apple ,IPhone 5S-32G+1G - 4.0 Inch Screen-8MP Pixel Refurbished 4G LTE ( Gift ) Smart Phone-Silver,"₦ 48,690 "
Apple ,Refurbished IPhone 5s A1533 / A1453 No Finger Sensor 32GB - Gold,"₦ 63,329 "
Apple ,IPhone 6 64GB (Refurbished) - Black 4.7 Inch Sreen,"₦ 107,600 "
Apple ,IPhone 7 32GB Smartphone - Silver (+ 1 Year Warranty),"₦ 500,000 "
Apple ,IPhone 5C- IOS 16GB 4.0 Inch 4G LTE Siri 8MP Smartphone,"₦ 26,888 "
Apple ,Refurbished IPhone SE A1662 / A1723 With Finger Sensor 16GB ROM - ROSE GOLD,"₦ 91,681 "
Apple ,IPhone 7-4.7 Inch Smartphone 2GB+32GB 12MP Finger Sensor 4G LTE (gift) HD-Silver,"₦ 115,110 "
Apple ,IPhone 7 Plus Mobile Phone - 32GB - 3D Touch Technology - 5.5 Inch IOS 10 - Smartphone - Gold,"₦ 154,600 "
Apple ,NEW Apple Iphone 5 1G RAM 16GB ROM IOS 3G 4.0 Inch 8MP ICloud WIFI GPS Phone,"₦ 20,400 "
Apple ,IPhone 5SE-32G+1G - 4.0 Inch Screen-12MP Pixel Refurbished 4G LTE ( Gift ) Smart Phone-Silver,"₦ 70,900 "
Apple ,"Apple IPhone 8 Mobile Phone (256GB ROM, 2GB RAM) 4.7Inch HD IOS 11.0 12MP Smartphone - Grey","₦ 155,690 "
Apple ,IPhone 8 Plus 256GB 5.5 Inch IOS Smartphone (Refurbished) - Black,"₦ 213,000 "
Apple ,Refurbished IPhone 5s A1533 / A1453 No Finger Sensor 32GB - SILVER,"₦ 49,530 "
Apple ,Refurbished IPhone 5s A1533 / A1453 With Finger Sensor 1GB RAM 16GB ROM-GOLDEN,"₦ 50,490 "
Apple ,IPhone 5SE-16G+1G - 4.0 Inch Screen-12MP Pixel Refurbished 4G LTE ( Gift ) Smart Phone- Gold,"₦ 59,990 "
Apple ,IPhone 6 Plus Mobile Phone - 16GB - 5.5 Inch IOS 8.0 - Apple Smartphone - Grey,"₦ 84,800 "
Apple ,IPhone 6 128GB Mobile Phone - 4.7 Inch IOS 8.0 - Apple Smartphone - Gold,"₦ 95,000 "
Apple ,IPhone 6S Plus Mobile Phone -16GB - 5.5 Inch IOS 9.0 - Apple Smartphone - Grey,"₦ 104,900 "
Apple ,Iphone 6S Plus 64GB 5.5 Inch IOS Smartphone (Refurbished) - Black,"₦ 108,800 "
Apple ,IPhone 6s - 4.7 Inch 4G LET Smartphone 2GB+32GB 12MP Finger Sensor HD- Rose Gold,"₦ 109,000 "
Apple ,IPhone 7-4.7 Inch 4G LET Smartphone 2GB+32GB 12MP Finger Sensor HD-Rose Gold,"₦ 115,110 "
Apple ,IPhone 6s - 4.7 Inch 4G LET Smartphone 2GB+128GB 12MP Finger Sensor HD- Grey,"₦ 129,700 "
Apple ,"IPhone 8 Plus (64GB ROM, 3GB RAM) 5.5 Inch HD IOS 11.0 12MP Smartphone - Gray","₦ 171,480 "
Apple ,IPhone 4s Black 8GB Smart Phone Mobile Phone 3.5-inch Screen (Gift：accessories),"₦ 12,500 "
Apple ,IPhone 5SE-16G+1G - 4.0 Inch Screen-12MP Pixel Refurbished 4G LTE ( Gift ) Smart Phone-Rose Gold,"₦ 59,990 "
Apple ,Refurbished IPhone SE A1662 / A1723 16GB ROM No Finger Sensor  - ROSE GOLD,"₦ 62,558 "
Apple ,IPhone 6S 16GB Grey 4G LTE 3D Touch Fingerprint Unlock  4.7-inch Screen (Gift：accessories) Smart Phone,"₦ 78,000 "
Apple ,IPhone 6s - 4.7 Inch 4G LET Smartphone 2GB+128GB 12MP Finger Sensor HD- Gold,"₦ 129,700 "
Apple ,IPhone 7-4.7 Inch Smartphone  2GB+128GB 12MP Finger Sensor 4G LTE (gift) HD-Jet Black,"₦ 152,900 "
Apple ,IPhone 7 Plus Mobile Phone - 128GB - 3D Touch Technology - 5.5 Inch IOS 10 - Smartphone - Jet Black,"₦ 166,000 "
Apple ,IPhone 7 Plus Mobile Phone - 256GB - 3D Touch Technology - 5.5 Inch IOS 10 - Smartphone - Gold,"₦ 173,900 "
Apple ,IPhone 7 256GB 4.7 Inch Quad Core IOS 10 12MP Camera Smartphone(Jet Black),"₦ 178,000 "
Apple ,IPhone 7Plus-5.5 Inch 4G LET Smartphone 2GB+32GB 12MP Finger Sensor HD-Rose Gold,"₦ 197,990 "
Apple ,IPhone 5C 8GB Green 4G -  4-inch Screen (Gift：accessories) Smart Phone(Refurbished),"₦ 24,500 "
Apple ,IPhone 5SE-16G+1G - 4.0 Inch Screen-12MP Pixel Refurbished 4G LTE ( Gift ) Smart Phone-Rose Gold,"₦ 59,990 "
Apple ,"IPhone SE 16GB 4.0"" - Golden With Fingerprint(Refurbished)","₦ 78,189 "
Apple ,"IPhone 8 Mobile Phone (256GB ROM, 2GB RAM) 4.7Inch HD IOS 11.0 12MP Smartphone - Silver","₦ 180,900 "
Apple ,Iphone 6s Plus 16gb - Gold,"₦ 200,000 "
Apple ,IPhone 8 Plus 256GB 5.5 Inch IOS Smartphone (Refurbished) - Grey,"₦ 213,000 "
Apple ,"IPhone 6 128GB 4.7"" Inch IOS Smartphone (Refurbished) - Gold","₦ 62,220 "
Apple ,Apple IPhone 7 Plus - 5.5'' - 256GB ROM + 3GB RAM - Refurbished Smartphone - Silver,"₦ 157,270 "
Apple ,IPhone 5S 32GB Silver 4G LTE Without Fingerprint (Refurbishment) 4-inch Screen (Gift：accessories),"₦ 28,999 "
Apple ,IPhone 7 32G 4.7 Inch IOS Smartphone (Refurbished) - Silvery,"₦ 78,810 "
Apple ,Apple IPhone 6S Plus Mobile Phone 16GB 5.5 Inch IOS 9.0 Smartphone(Grey),"₦ 94,900 "
Apple ,IPhone 5C 16GB White 4G -  4-inch Screen (Gift：accessories) Smart Phone(Refurbished),"₦ 26,500 "
Apple ,IPhone 7 Plus 32GB (Refurbished) - Golden 5.5 Inch Sreen,"₦ 202,944 "
Apple ,"IPhone 8 Plus 5.5-Inch HD (3GB,256GB ROM) IOS 11, 12MP + 7MP 4G Smartphone 5.5 Inch HD IOS 11.0 12MP 4G Smartphone(Gold)","₦ 224,500 "
Apple ,IPhone 8 Plus 64GB 5.5 Inch HD IOS 11.0 12MP 4G Smartphone(Silver),"₦ 268,000 "
Apple ,IPhone 6 Plus Mobile Phone - 16GB - 5.5 Inch IOS 8.0 - Apple Smartphone - Silver,"₦ 84,800 "
Apple ,IPhone 7-4.7 Inch Smartphone 2GB+32GB 12MP Finger Sensor 4G LTE (gift) HD-Silver,"₦ 92,500 "
Apple ,IPhone 7 Plus Mobile Phone - 128GB - 3D Touch Technology - 5.5 Inch IOS 10 - A10+M10 Quad Core - Smartphone - Red,"₦ 166,000 "
Apple ,IPhone 7 Plus 256GB 5.5 Inch IOS Smartphone (Refurbished) - Black,"₦ 188,800 "
Apple ,IPhone 5S-32G+1G - 4.0 Inch Screen-8MP Pixel Refurbished 4G LTE ( Gift ) Smart Phone-Gold,"₦ 48,690 "
Apple ,IPhone 6 4.7 Inch 1GB + 64GB 8MP + 1.2MP No Finger Sensor 4G LTE Smartphone (Gift) – Gold,"₦ 49,800 "
Apple ,OR 4.7-Inch Dual Core Smartphone 8MP Camera Fingerprint Unlock Phone For IPhone 6-gold-EU Plug,"₦ 85,990 "
Apple ,"IPhone 6s, 4.7 Inch, (2GB RAM +16GB ROM), With Finger Sensor - Gold","₦ 90,263 "
Apple ,IPhone 7 Plus Mobile Phone - 128GB - 3D Touch Technology - 5.5 Inch IOS 10 - Smartphone - Gold,"₦ 166,000 "
Apple ,IPhone SE 64GB Silver 4G - Fingerprint Unlock  4-inch Screen (Gift：accessories)(Refurbished),"₦ 55,500 "
Apple ,Apple IPhone 6 128GB Mobile Phone - 4.7 Inch IOS 8.0 - Apple Smartphone - Gold,"₦ 69,640 "
Apple ,IPhone 7 32GB Smartphone - Black (+ 1 Year Warranty),"₦ 540,000 "
Apple ,IPhone 5 16GB - Grey (Refurbished) 4.0 Inch Screen,"₦ 37,456 "
Apple ,OR 4.7-Inch Dual Core Smartphone 8MP Camera Fingerprint Unlock Phone For IPhone 6-gold-EU Plug,"₦ 99,180 "
Apple ,IPhone 7-4.7 Inch Smartphone 2GB+128GB 12MP Finger Sensor 4G LTE (gift) HD-Silver,"₦ 106,900 "
Apple ,IPhone 6sP - 5.5 Inch 4G LET Smartphone 2GB+16GB 12MP Finger Sensor HD-Rose Gold,"₦ 139,000 "
Apple ,IPhone 7 256G 4.7 Inch IOS Smartphone (Refurbished) - Black,"₦ 139,500 "
Apple ,Iphone 6S Plus 128GB 5.5 Inch IOS Smartphone (Refurbished) - Pink,"₦ 109,970 "
Apple ,IPhone 6sP - 5.5 Inch 4G LET Smartphone 2GB+32GB 12MP Finger Sensor HD- Silver,"₦ 149,000 "
Apple ,"Iphone 6S Plus 16GB 5.5"" Inch IOS Smartphone (Refurbished) - Pink","₦ 78,810 "
Apple ,IPhone 6S Mobile Phone - 128GB - 4.7 Inch IOS 9.0 - 8MP - Apple Smartphone - Grey,"₦ 93,500 "
Apple ,IPhone 7 128GB 4.7 Inch Quad Core IOS 10 12MP Camera Smartphone (Black),"₦ 106,750 "
Apple ,OR 4.7-Inch Smartphone 5MP Front 12MP Rear Camera Fingerprint Phone For IPhone 6S-gray-EU Plug,"₦ 130,500 "
Apple ,IPhone 5C 8GB Yellow 4G -  4-inch Screen (Gift：accessories) Smart Phone(Refurbished）,"₦ 24,500 "
Apple ,IPhone 5C 16GB Blue 4G LTE  4-inch Screen (Gift：accessories) Smart Phone,"₦ 26,900 "
Apple ,IPhone 5C-8G ROM+1G RAM - 4.0 Inch Screen-8MP Pixel Refurbished 4G LTE ( Gift ) Smart Phone-Blue,"₦ 55,530 "
Apple ,IPhone 7-4.7 Inch Smartphone 2GB+128GB 12MP Finger Sensor 4G LTE (gift) HD-Silver,"₦ 152,900 "
Apple ,IPhone 5C-8G ROM+1G RAM - 4.0 Inch Screen-8MP Pixel Refurbished 4G LTE ( Gift ) Smart Phone-pink,"₦ 55,530 "
Apple ,IPhone 6 Mobile Phone 16GB 4.7 Inch IOS 8.0 Apple A8+M8 Dual Core Up To 1.4GHz Smartphone - Grey,"₦ 64,900 "
Apple ,"IPhone 8 256GB 4.7"" Screen Inch IOS Smartphone  (Refurbished) - Gold","₦ 164,800 "
Apple ,"IPhone 8 Mobile Phone (256GB ROM, 2GB RAM) 4.7Inch HD IOS 11.0 12MP Smartphone - Gold","₦ 180,900 "
Apple ,Refurbished Apple IPhone 6S 64GB 12MP+5MP With FaceTime - ROSEGOLD,"₦ 220,000 "
Apple ,IPhone 4S - Black - 16GB - 512MB RAM - 3.5 Inch IOS,"₦ 15,300 "
Apple ,IPhone 5 - 16GB ROM +1GB RAM -8 MP- 4 Inch - Apple Smartphones,"₦ 20,400 "
Apple ,Iphone 6S 32GB 4.7 Inch IOS Smartphone (Refurbished) - Gold,"₦ 73,800 "
Apple ,IPhone 6S 64GB IOS 9.0 Dual Core 4.7 Inch 12.0MP Camera Smartphone(Rose Gold),"₦ 120,000 "
Apple ,IPhone SE Refurbished Smartphone 4inch 64GB - Gold,"₦ 45,715 "
Apple ,IPhone 6 Plus 16GB Gold 4G - Fingerprint Unlock  5.5-inch Screen (Gift：accessories)(Refurbished),"₦ 74,500 "
Apple ,IPhone 7-4.7 Inch 4G LET Smartphone 2GB+32GB 12MP Finger Sensor HD-Rose Gold,"₦ 92,500 "
Apple ,IPhone 7 Mobile Phone - 128GB - 3D Touch IPS Technology - 4.7 Inch IOS 10 - Smartphone - Jet Black,"₦ 118,000 "
Apple ,Refurbished Apple IPhone 6S 16GB 12MP+5MP With FaceTime - Black,"₦ 200,000 "
Apple ,IPhone 5C 32GB Blue 4G -  4-inch Screen (Gift：accessories) Smart Phone(Refurbished),"₦ 28,500 "
Apple ,Refurbished IPhone 6s Plus 16GB ROM No Finger Sensor-ROSE GOLD,"₦ 100,130 "
Apple ,"IPhone 6 Plus - 5.5"" 4G Smartphone - Refurbished Smartphone - IOS 8 - 1GB/16GB - 8MP - Finger Sensor EU - Golden","₦ 116,700 "
Apple ,IPhone 7 -4.7 Inch Smartphone  2GB+32GB 12MP Finger Sensor 4G LTE (gift) HD-Matte Black,"₦ 152,900 "
Apple ,IPhone 6sP - 5.5 Inch 4G LET Smartphone 2GB+128GB 12MP Finger Sensor HD-Rose Gold,"₦ 169,000 "
Apple ,Refurbished IPhone 7 128GB Smartphone - Sliver,"₦ 500,000 "
Apple , IPhone 4s White 16gb Smart Phone Mobile Phone 3.5-inch Screen,"₦ 15,300 "
Apple ,IPhone 6 32GB 4.7 Inch IOS Smartphone  (Refurbished) - Silvery,"₦ 49,990 "
Apple ,IPhone SE 16GB Grey 4G - Fingerprint Unlock  4-inch Screen (Gift：accessories)(Refurbished),"₦ 51,000 "
Apple ,"Iphone 6S 16GB 4.7"" Inch IOS Smartphone (Refurbished) - Gold","₦ 52,990 "
Apple ,IPhone 6S 64GB Silver 4G LTE 3D Touch Fingerprint Unlock  4.7-inch Screen (Gift：accessories) Smart Phone,"₦ 83,500 "
Apple ,4.7-Inch Smartphone 5MP Front 12MP Rear Camera Fingerprint Phone For IPhone 6S Gold,"₦ 134,130 "
Apple ,IPhone 6sP - 5.5 Inch 4G LET Smartphone 2GB+16GB 12MP Finger Sensor HD-Grey,"₦ 139,000 "
Apple ,IPhone 7 Plus Mobile Phone - 256GB - 3D Touch Technology - 5.5 Inch IOS 10 - Smartphone - Silver,"₦ 173,900 "
Apple ,Apple Brand IPhone 6S 64GB 4.7 Inch IOS 9.0 Apple A9+M9 Dual Core 64bit Up To 1.8GHz Smartphone(Rose Gold),"₦ 79,110 "
Apple ,IPhone 6s - 4.7 Inch 4G LET Smartphone 2GB+16GB 12MP Finger Sensor HD- Rose Gold,"₦ 89,990 "
Apple ,IPhone 7-4.7 Inch Smartphone 2GB+128GB 12MP Finger Sensor 4G LTE (gift) HD-Gold,"₦ 152,900 "
Apple ,IPhone 7 Plus Mobile Phone - 128GB - 3D Touch Technology - 5.5 Inch IOS 10 - Smartphone - Gold,"₦ 166,000 "
Apple ,Refurbished IPhone 6 Plus A1522 / A1524 64GB ROM With Finger Sensor - GRAY,"₦ 168,630 "
Apple ,Apple IPhone 7 128GB Smartphone - BLACK (Refurbished),"₦ 500,000 "
Apple ,IPhone 4s Cell Phone 3.5'' 512MB 16GB 8MP Smart Phone,"₦ 15,300 "
Apple ,Refurb IPhone 5S 4.0 Inch 1GB RAM 16GB ROM Smartphone - Silver,"₦ 41,080 "
Apple ,IPhone 5 32GB - Black 4.0 Inch Screen (refurbished),"₦ 42,393 "
Apple ,Apple IPhone 6 128GB Mobile Phone - 4.7 Inch IOS 8.0 - Apple Smartphone - Silver,"₦ 69,640 "
Apple ,IPhone 6sP - 5.5 Inch 4G LET Smartphone 2GB+128GB 12MP Finger Sensor HD-Rose Gold,"₦ 169,100 "
Apple ,IPhone 8 (64GB) - Space Gray (+ 1 Year Warranty),"₦ 240,000 "
Apple ,IPhone 6 Plus - 64GB - 5.5 Inch IOS 8.0 - Apple A8+M8 Dual Core Up To 1.4GHz - Smartphone - Silver,"₦ 94,400 "
Apple ,"IPhone 7-4.7 Inch Smartphone (2GB, 32GB ROM) 12MP Finger Sensor 4G LTE (gift) HD-Silver","₦ 115,110 "
Apple ,IPhone 5S - IOS 12 - 4.0 Inch Screen - 16G+1G - 8MP  Smart Phones,"₦ 29,000 "
Apple ,Apple IPhone 6S Mobile Phone 16GB 4.7 Inch IOS 9.0 Smartphone(Rose Gold),"₦ 72,000 "
Apple ,Apple IPhone 6 Plus Mobile Phone - 16GB - 5.5 Inch IOS 8.0 - Apple Smartphone - Grey,"₦ 76,750 "
Apple ,"IPhone 6 - 4.7"" 4G Smartphone - Refurbished Smartphone - IOS 8 - 1GB/16GB - 8MP - Finger Sensor EU - Gray","₦ 87,300 "
Apple ,IPhone 6s - 4.7 Inch 4G LET Smartphone 2GB+16GB 12MP Finger Sensor HD- Grey,"₦ 89,990 "
Apple ,Apple Brand IPhone 6 Plus 128GB 5.5 Inch IOS 8.0 Apple A8+M8 Dual Core Up To 1.4GHz Smartphone(Gold),"₦ 90,960 "
Apple ,IPhone 7 Plus Mobile Phone - 32GB - 3D Touch Technology - 5.5 Inch IOS 10 - Smartphone - Black,"₦ 154,600 "
Apple ,IPhone 5C-8G ROM+1G RAM - 4.0 Inch Screen-8MP Pixel Refurbished 4G LTE ( Gift ) Smart Phone-white,"₦ 55,530 "
Apple ,IPhone 6s Refurbished 4.7 Inch Smartphone 64GB - Gold,"₦ 62,753 "
Apple ,IPhone 5s A1533 / A1453 With Finger Sensor 1GB RAM 32GB ROM,"₦ 82,710 "
Apple ,Apple Brand IPhone 6 Plus 64GB 5.5 Inch IOS 8.0 Apple A8+M8 Dual Core Up To 1.4GHz Smartphone(Gold),"₦ 85,430 "
Apple ,IPhone SE 16GB Silver 4G LTE Fingerprint Unlock  4-inch Screen (Gift：accessories),"₦ 52,000 "
Apple ,IPhone 6S 4.7 Inch 2GB + 16GB 12MP + 5MP 3D Touch 4G LTE Smartphone (Gift) – Rose Gold,"₦ 59,800 "
Apple ,Apple Brand IPhone 6 Plus 64GB 5.5 Inch IOS 8.0 Apple A8+M8 Dual Core Up To 1.4GHz Smartphone(Grey),"₦ 85,430 "
Apple ,IPhone 4s 3.5Inch 16GB ROM+512MB RAM- IOS 8MP Facebook,"₦ 15,300 "
Apple ,NEW Apple Iphone 5 1G RAM 16GB ROM IOS 3G 4.0 Inch 8MP ICloud WIFI GPS Phone,"₦ 19,400 "
Apple ,IPhone 5C 16GB Pink 4G LTE  4-inch Screen (Gift：accessories) Smart Phone,"₦ 26,900 "
Apple ,IPhone 5S 64GB+1GB- Silver- 4G - 4 Inch- 8 MP- Fingerprint Unlock(Gift：accessories)(Refurbished),"₦ 39,500 "
Apple ,IPhone 5 16GB+1GB 4'' Mobile Phone 8MP,"₦ 20,400 "
Apple ,IPhone 6S 16GB 4.7 Inch IOS Smartphone (Refurbished) - Black,"₦ 52,990 "
Apple ,IPhone SE 32GB Grey 4G LTE Fingerprint Unlock  4-inch Screen (Gift：accessories),"₦ 54,000 "
Apple ,IPhone 6 Mobile Phone 64GB With Finger Sensor 4.7 Inch 8.0MP Smartphone - Silver,"₦ 73,500 "
Apple ,"Iphone 6S 128GB 4.7"" Inch IOS Smartphone (Refurbished) - Gold","₦ 106,990 "
Apple ,Apple IPhone 7 Plus - 5.5'' - 256GB ROM + 3GB RAM - Refurbished Smartphone - Rose Gold,"₦ 157,270 "
Apple ,IPhone 8 64GB 4.7 Inch IOS 11.0 12MP Camera Smartphone(Gold),"₦ 190,000 "
Apple ,"IPhone 8 Plus 5.5-Inch HD (3GB,64GB ROM) IOS 11, 12MP + 7MP 4G Smartphone 5.5 Inch HD IOS 11.0 12MP 4G Smartphone(Silver)","₦ 198,500 "
Apple ,IPhone 5C 8GB White 4G - 4-inch Screen (Gift：accessories) Smart Phone(Refurbished),"₦ 24,500 "
Apple ,IPhone 5S-16G+1G - 4.0 Inch Screen-8MP Pixel Refurbished 4G LTE ( Gift ) Smart Phone-Black,"₦ 41,990 "
Apple ,IPhone 7 Mobile Phone - 32GB - 3D Touch IPS Technology - 4.7 Inch IOS 10 - Red,"₦ 98,850 "
Apple ,IPhone 6s - 4.7 Inch 4G LET Smartphone 2GB+128GB 12MP Finger Sensor HD- Gold,"₦ 129,700 "
Apple ,IPhone 7 Plus Mobile Phone - 128GB - 3D Touch Technology - 5.5 Inch IOS 10 - Smartphone - Jet Black,"₦ 166,000 "
Apple ,"IPhone 8 Plus 5.5-Inch HD (3GB,64GB ROM) IOS 11, 12MP + 7MP 4G Smartphone 5.5 Inch HD IOS 11.0 12MP 4G Smartphone(Gold)","₦ 198,500 "
Apple ,Brand IPhone 8 64GB 3D Touch Technology 4.7 Inch IOS 11 Smartphone(Gold),"₦ 230,000 "
Apple ,IPhone 6 Plus 16GB 5.5 Inch IOS Smartphone (Refurbished) - Black,"₦ 52,990 "
Apple ,IPhone 6 64GB Silver 4G LTE Fingerprint Unlock 4.7-inch Screen (Gift：accessories) Smart Phone,"₦ 72,000 "
Apple ,IPhone 7-4.7 Inch Smartphone 2GB+32GB 12MP Finger Sensor 4G LTE (gift) HD-Gold,"₦ 87,990 "
Apple ,IPhone 7 4.7 Inch 2GB + 32GB 12MP + 7MP Finger Sensor 4G LTE Smartphone (Gift) – Gold,"₦ 95,000 "
Apple ,IPhone 6s - 4.7 Inch 4G LET Smartphone 2GB+32GB 12MP Finger Sensor HD- Rose Gold,"₦ 109,090 "
Apple ,IPhone 7 128G 4.7 Inch IOS Smartphone (Refurbished) - Gold,"₦ 115,200 "
Apple ,"IPhone 8 Mobile Phone (256GB ROM, 2GB RAM) 4.7Inch HD IOS 11.0 12MP Smartphone - Silver","₦ 180,900 "
Apple ,IPhone 7Plus-5.5 Inch 4G LET Smartphone 2GB+32GB 12MP Finger Sensor HD-Rose Gold,"₦ 197,890 "
Apple ,IPhone 7Plus-5.5 Inch 4G LET Smartphone 2GB+128GB 12MP Finger Sensor HD-Black,"₦ 209,900 "
Apple ,IPhone 5S 32GB Grey 4G LTE Without Fingerprint (Refurbishment) 4-inch Screen (Gift：accessories),"₦ 28,999 "
Apple ,IPhone 5S 32GB+1GB- Silver- 4G - 4 Inch- 8 MP- Fingerprint Unlock(Gift：accessories)(Refurbished),"₦ 34,500 "
Apple ,"IPhone 6 64GB 4.7"" Inch IOS Smartphone (Refurbished) - Silvery","₦ 51,990 "
Apple ,IPhone 6S 64GB Grey 4G LTE 3D Touch Fingerprint Unlock  4.7-inch Screen (Gift：accessories) Smart Phone,"₦ 83,500 "
Apple ,IPhone 7 Mobile Phone - 32GB - 3D Touch IPS Technology - 4.7 Inch IOS 10 - Apple Smartphone - Jet Black,"₦ 109,300 "
Apple ,Certified Refurbished IPhone 6 16GB Smartphone - Gold,"₦ 134,650 "
Apple ,Apple IPhone 6s,"₦ 185,000 "
Apple ,IPhone 5C 16GB Green 4G LTE  4-inch Screen (Gift：accessories) Smart Phone,"₦ 26,900 "
Apple ,IPhone 5S-32G+1G - 4.0 Inch Screen-8MP Pixel Refurbished 4G LTE ( Gift ) Smart Phone-Gold,"₦ 48,690 "
Apple ,IPhone 6 16GB Smartphone Apple Certified Refurbished - Grey (LTE Cellular Virgin Mobile),"₦ 58,610 "
Apple ,IPhone 6s Refurbished 4.7 Inch Smartphone 64GB - Silver,"₦ 62,699 "
Apple ,IPhone 6s - 4.7 Inch 4G LET Smartphone 2GB+16GB 12MP Finger Sensor HD- Rose Gold,"₦ 70,000 "
Apple ,IPhone 5SE-32G+1G - 4.0 Inch Screen-12MP Pixel Refurbished 4G LTE ( Gift ) Smart Phone-Grey,"₦ 74,890 "
Apple ,IPhone 7 256GB 4.7 Inch Quad Core IOS 10 12MP Camera Smartphone(Gold),"₦ 114,650 "
Apple ,IPhone 6S - 128GB - 4.7 Inch - IOS 9.0 With Finger Sensor - Apple Smartphone - Silver,"₦ 93,500 "
Apple ,IPhone 7-4.7 Inch Smartphone  2GB+128GB 12MP Finger Sensor 4G LTE (gift) HD-Jet Black,"₦ 152,900 "
Apple ,IPhone 6 4.7 Inch 1GB + 16 GB 8MP + 1.2MP Finger Sensor 4G LTE Smartphone (Gift) – Black,"₦ 42,500 "
Apple ,IPhone SE 64GB Pink 4G LTE Fingerprint Unlock  4-inch Screen (Gift：accessories),"₦ 56,000 "
Apple ,Apple IPhone 7 32GB Smartphone - Gold (refurbished),"₦ 150,000 "
Apple ,"Ipad Mini 4 (128gb, Wifi + Cellular) Space Gray 9.7","₦ 270,000 "
Apple ,IPhone 5S - 16GB+1GB -8 MP- 4 Inch - IOS Smart Phone,"₦ 29,000 "
Apple ,IPhone 5SE-64G+1G - 4.0 Inch Screen-12MP Pixel Refurbished 4G LTE ( Gift ) Smart Phone-Rose Gold,"₦ 78,890 "
Apple ," iPhone 6 (1GB, 16GB ROM) grey WITH FREE BACK CASING AND SCREEN PROTECTOR","₦ 83,500 "
Apple ,IPhone 8 64G 4.7-Inch IOS Smartphone (Refurbished) - Black,"₦ 125,120 "
Apple ,IPhone 7 Plus Mobile Phone - 256GB - 3D Touch Technology - 5.5 Inch IOS 10 - Smartphone - Red,"₦ 173,900 "
Apple ,Apple IPhone 6S Mobile Phone 16GB 4.7 Inch IOS 9.0 Smartphone(Silver),"₦ 72,000 "
Apple ,IPhone 6 Plus 16GB Silver 4G - Fingerprint Unlock  5.5-inch Screen (Gift：accessories)(Refurbished),"₦ 74,500 "
Apple ,"IPhone 8 Plus (256GB ROM, 3GBRAM) 5.5 Inch HD IOS 11.0 12MP Smartphone - Silver","₦ 224,500 "
Apple ,"IPhone X Mobile Phone (64GB ROM, 3GB RAM) 5.8 Inch IOS 11.0 With Tempered Glass Smartphone - White","₦ 241,900 "
Apple ,IPhone 5S 16GB Gold  4G LTE Without Fingerprint (Refurbishment) 4-inch Screen (Gift：accessories),"₦ 25,999 "
Apple ,IPhone 6s - 4.7 Inch 4G LET Smartphone 2GB+16GB 12MP Finger Sensor HD- Grey,"₦ 70,000 "
Apple ,IPhone 5SE-64G+1G - 4.0 Inch Screen-12MP Pixel Refurbished 4G LTE ( Gift ) Smart Phone-Rose Gold,"₦ 78,890 "
Apple ,"IPhone 5 - IOS 16GB 4.0"" 4G Smartphone Fullset Box 95% New","₦ 19,400 "
Apple ,IPhone 5S 16GB Silver 4G LTE Without Fingerprint (Refurbishment) 4-inch Screen (Gift：accessories),"₦ 25,500 "
Apple ,IPhone SE 64GB Gold 4G - Fingerprint Unlock  4-inch Screen (Gift：accessories)(Refurbished),"₦ 55,000 "
Apple ,"IPhone 7 4.7 Inch 128GB ROM+2GB RAM (Refurbished,99%New) 12MP+7MP-Gold","₦ 104,900 "
Apple ,IPhone 7 Mobile Phone - 128GB - 3D Touch IPS Technology - 4.7 Inch IOS 10 - Smartphone - Silver,"₦ 118,000 "
Apple ,IPhone 7 Mobile Phone - 256GB - 3D Touch IPS Technology - 4.7 Inch IOS 10 - Smartphone - Gold,"₦ 126,800 "
Apple ,IPhone 6sP - 5.5 Inch 4G LET Smartphone 2GB+64GB 12MP Finger Sensor HD- Silver,"₦ 159,100 "
Apple ,IPhone 6s 4.7 Inch 16GB ROM+2GB-12MP+5MP-With Fingerprint(Refurbished)-Silver,"₦ 55,900 "
Apple ,IPhone 6S Plus Mobile Phone - 64GB - 5.5 Inch IOS 9.0 - 12MP - Smartphone - Silver,"₦ 102,800 "
Apple ,IPhone 7 Plus Mobile Phone - 32GB - 3D Touch Technology - 5.5 Inch IOS 10 - Smartphone - Red,"₦ 154,600 "
Apple ,IPhone 5S 32GB Silver  4G LTE Fingerprint Unlock  4-inch Screen (Gift：accessories),"₦ 35,000 "
Apple ,IPhone 5C-16G ROM+1G RAM - 4.0 Inch Screen-8MP Pixel Refurbished 4G LTE ( Gift ) Smart Phone-Blue,"₦ 55,920 "
Apple ,"Iphone 6S 64GB 4.7"" Inch IOS Smartphone (Refurbished) - Pink","₦ 76,650 "
Apple ,IPhone 5C-16G ROM+1G RAM - 4.0 Inch Screen-8MP Pixel Refurbished 4G LTE ( Gift ) Smart Phone-Blue,"₦ 99,920 "
Apple ,IPhone 6S Plus Mobile Phone -16GB - 5.5 Inch IOS 9.0 - Apple Smartphone - Gold,"₦ 104,900 "
Apple ,IPhone 6 Plus 128GB Smartphone   Origin With Finger Sensor 4G LTE   ( Gold ),"₦ 120,000 "
Apple ,IPhone 7-4.7 Inch Smartphone 2GB+128GB 12MP Finger Sensor 4G LTE (gift) HD-Silver,"₦ 152,900 "
Apple ,IPhone 8 Mobile Phone - 64GB - 4.7 Inch IOS 11.0 - 12MP Camera - Smartphone - Gold,"₦ 163,900 "
Apple ,"IPhone 8 Plus 5.5-Inch HD (3GB,64GB ROM) IOS 11, 12MP + 7MP 4G Smartphone 5.5 Inch HD IOS 11.0 12MP 4G Smartphone(Gray)","₦ 198,500 "
Apple ,IPhone 4s Black 16gb Smart Phone Mobile Phone 3.5-inch Screen (Gift：accessories),"₦ 13,690 "
Apple ,IPhone 6sP - 5.5 Inch 4G LET Smartphone 2GB+32GB 12MP Finger Sensor HD-Grey,"₦ 149,000 "
Apple ,IPhone 7 32GB (Refurbished) - Golden 4.7 Inch Sreen,"₦ 173,149 "
Apple ,IPhone 7Plus-5.5 Inch 4G LET Smartphone 2GB+128GB 12MP Finger Sensor HD-Silver,"₦ 209,900 "
Apple ,IPhone 6s - 4.7 Inch 4G LET Smartphone 2GB+16GB 12MP Finger Sensor HD- Rose Gold,"₦ 70,000 "
Apple ,IPhone 6S 64GB Pink 4G - 3D Touch Fingerprint Unlock  4.7-inch Screen (Gift：accessories) (Refurbished),"₦ 83,500 "
Apple ,IPhone 6s - 4.7 Inch 4G LET Smartphone 2GB+16GB 12MP Finger Sensor HD- Silver,"₦ 70,000 "
Apple ,IPhone 6 32GB - Grey (refurbished) 4.7 Inch Screen,"₦ 100,407 "
Apple ,IPhone 6S Plus Mobile Phone - 64GB - 5.5 Inch IOS 9.0 - 12MP - Smartphone - Rose Gold,"₦ 102,800 "
Apple ,IPhone 6sP - 5.5 Inch 4G LET Smartphone 2GB+64GB 12MP Finger Sensor HD-Grey,"₦ 159,000 "
Apple ,"IPhone 8 Mobile Phone (256GB ROM, 2GB RAM) 4.7Inch HD IOS 11.0 12MP Smartphone - Gray","₦ 180,900 "
Apple ,IPhone 5S-16G+1G - 4.0 Inch Screen-8MP Pixel Refurbished 4G LTE ( Gift ) Smart Phone-Black,"₦ 27,700 "
Apple ,IPhone 5S-32G+1G - 4.0 Inch Screen-8MP Pixel Refurbished 4G LTE ( Gift ) Smart Phone-Black,"₦ 48,690 "
Apple ,IPhone 7 - 32GB (Refurbished) - Red 4.7 Inch Sreen,"₦ 173,149 "
Apple ,Iphone 5 White 64gb Smart Phone Mobile Phone 4-inch Screen(Gift：accessories),"₦ 32,000 "
Apple ,IPhone 6 16GB Smartphone Apple Certified Refurbished - Silver (LTE Cellular Virgin Mobile),"₦ 58,610 "
Apple ,IPhone 8 64G 4.7 Inch IOS Smartphone (Refurbished) - Gold,"₦ 125,120 "
Apple ,"IPhone X Mobile Phone (256GB ROM, 3GB RAM) 5.8 Inch With Tempered Glass Smartphone - Black","₦ 230,690 "
Apple ,Refurbished IPhone 5s A1533 / A1453 With Finger Sensor 1GB RAM 16GB ROM - SILVER,"₦ 48,544 "
Apple ,IPhone 5S-32G+1G - 4.0 Inch Screen-8MP Pixel Refurbished 4G LTE ( Gift ) Smart Phone-Gold,"₦ 48,700 "
Apple ,Refurbished IPhone 6 A1549 / A1586 64GB ROM -SILVER,"₦ 53,540 "
Apple ,IPhone SE 32GB Silver 4G LTE Fingerprint Unlock  4-inch Screen (Gift：accessories),"₦ 54,000 "
Apple ,IPhone 6 Mobile Phone - 64GB - 4.7 Inch IOS 8.0 - Apple Smartphone - Gold,"₦ 73,500 "
Apple ,IPhone 6s - 4.7 Inch 4G LET Smartphone 2GB+16GB 12MP Finger Sensor HD- Grey,"₦ 89,990 "
Apple ,Iphone 6S Plus 64GB 5.5 Inch IOS Smartphone (Refurbished),"₦ 98,130 "
Apple ,IPhone 7 Plus 256GB 5.5 Inch IOS Smartphone (Refurbished) - Pink,"₦ 188,800 "
Apple ,IPhone 5S 64GB+1GB- Gold- 4G - 4 Inch- 8 MP- Fingerprint Unlock(Gift：accessories)(Refurbished）,"₦ 39,000 "
Apple ,IPhone SE 64GB Grey 4G LTE Fingerprint Unlock  4-inch Screen (Gift：accessories)- Grey,"₦ 56,000 "
Apple ,IPhone 6 Plus - 128GB - 5.5 Inch IOS 8.0 - With Finger Sensor 4G LTE - Apple Smartphone - Silver,"₦ 100,500 "
Apple ,IPhone 6s - 4.7 Inch 4G LET Smartphone 2GB+64GB 12MP Finger Sensor HD- Gold,"₦ 90,500 "
Apple ,IPhone 4s Black 32gb Smart Phone- Mobile Phone 3.5-inch Screen (Gift：accessories)(Refurbished),"₦ 16,500 "
Apple ,IPhone 5 - 16GB ROM +1GB RAM -8 MP- 4 Inch - Apple Smartphones,"₦ 19,400 "
Apple ,IPhone 6 Refurbished Smartphone 4.7inch 64GB No Finger Sensor-Silver,"₦ 45,784 "
Apple ,IPhone XS 512GB - Gold (nano-SIM And ESIM),"₦ 580,000 "
Apple ,Iphone 5 White 32gb Smart Phone -Mobile Phone 4-inch Screen(Gift：accessories)(Refurbished）,"₦ 25,000 "
Apple ,IPhone 6S Mobile Phone - 16GB - 4.7 Inch IOS 9.0 - 8MP - Smartphone - Gold,"₦ 80,400 "
Apple ,IPhone 6 Plus 64GB Gold 4G - Fingerprint Unlock  5.5-inch Screen (Gift：accessories)(Refurbished),"₦ 93,000 "
Apple ,IPhone 5 4.0Inch 16GB ROM+1GB RAM 8MP+1.2MP 95% New,"₦ 19,400 "
Apple ,IPhone 6 4.7 Inch 1GB + 16 GB 8MP + 1.2MP Finger Sensor 4G LTE Smartphone (Gift) – Gold,"₦ 43,257 "
Apple ,IPhone 6s - 4.7 Inch 4G LET Smartphone 2GB+64GB 12MP Finger Sensor HD- Rose Gold,"₦ 74,500 "
Apple ,IPhone 5SE-64G+1G - 4.0 Inch Screen-12MP Pixel Refurbished 4G LTE ( Gift ) Smart Phone-Silver,"₦ 78,890 "
Apple ,"IPhone SE 32GB 4.0"" - Grey With Fingerprint(Refurbished)","₦ 90,533 "
Apple ,IPhone 6S Plus - Mobile Phone - 128GB - 5.5 Inch IOS 9.0 - Apple Smartphone - Grey,"₦ 109,110 "
Apple ,"IPhone 6 Plus 64GB - Golden (Refurbished) 5.5""","₦ 137,437 "
Apple ,IPhone 7 Plus 128GB 5.5 Inch IOS Smartphone (Refurbished) - Pink,"₦ 153,900 "
Apple ,"IPhone 4S -3.5'',16GB,1GB RAM Smartphone Fullset Box 95% New","₦ 15,300 "
Apple ,IPhone 4s 3.5'' Inch 16GB ROM+512MB RAM-8MP IOS Cell Phone,"₦ 15,300 "
Apple ,IPhone 5s 4.0-Inch 16GB ROM+1GB RAM (Refurbished) 8MP+1.2MP-Blcak,"₦ 28,990 "
Apple ,IPhone SE 32GB Grey 4G - Fingerprint Unlock  4-inch Screen (Gift：accessories)(Refurbished),"₦ 53,500 "
Apple ,IPhone 6 64GB Smartphone Apple Certified Refurbished - Gold,"₦ 150,000 "
Apple ,IPhone 7Plus-5.5 Inch 4G LET Smartphone 2GB+128GB 12MP Finger Sensor HD-Gold,"₦ 209,900 "
Apple ,IPhone 6 Plus -16GB+1GB - 5.5 Inch -8 MP+ Fingerprint  Smartphone,"₦ 66,500 "
Apple ,IPhone 6 Plus 128GB 5.5 Inch IOS Smartphone (Refurbished) - Black,"₦ 78,800 "
Apple ,IPhone 6S Plus - Mobile Phone - 128GB - 5.5 Inch IOS 9.0 - Apple Smartphone - Gold,"₦ 109,110 "
Apple ,IPhone 7 Mobile Phone 32GB 3D Touch IPS Technology 4.7 Inch Smartphone - Silver,"₦ 109,300 "
Apple ,IPhone 7 Plus 32GB - Red 5.5 Inch Screen (Refurbished)- Red,"₦ 202,944 "
Apple ,IPhone 6 4.7 Inch 1GB + 16GB 8MP + 1.2MP Finger Sensor 4G LTE Smartphone (Gift) – Silver,"₦ 51,800 "
Apple ,IPhone 6s - 4.7 Inch 4G LET Smartphone 2GB+64GB 12MP Finger Sensor HD- Gold,"₦ 74,500 "
Apple ,IPhone 6 Mobile Phone - 128GB - 4.7 Inch IOS 8.0 - 8MP- Apple Smartphone - Silver,"₦ 77,000 "
Apple ,IPhone 6s - 4.7 Inch 4G LET Smartphone 2GB+32GB 12MP Finger Sensor HD- Rose Gold,"₦ 109,000 "
Apple ,IPhone 6S Plus - Mobile Phone - 128GB - 5.5 Inch IOS 9.0 - Apple Smartphone - Grey,"₦ 123,000 "
Apple ,IPhone 7 256G 4.7 Inch IOS Smartphone (Refurbished) - Gold,"₦ 139,500 "
Apple ,"IPhone X Mobile Phone (256GB ROM, 3GB RAM) 5.8 Inch With Tempered Glass Smartphone - White","₦ 259,900 "
Apple ,"Iphone 6S 128GB 4.7"" Inch IOS Smartphone (Refurbished) - Pink","₦ 106,990 "
Apple ,IPhone 7-4.7 Inch Smartphone  2GB+32GB 12MP Finger Sensor 4G LTE (gift) HD-Jet Black,"₦ 127,900 "
Apple ,Apple Brand IPhone 6S 64GB 4.7 Inch IOS 9.0 Apple A9+M9 Dual Core 64bit Up To 1.8GHz Smartphone(Gold),"₦ 79,110 "
Apple ,Refurbished IPhone 6 A1549 / A1586 1GB RAM 16GB ROM No Finger Sensor - GOLDEN,"₦ 87,208 "
Apple ,IPhone 6S Mobile Phone - 64GB - 4.7 Inch IOS 9.0 - Apple Smartphone - Rose Gold,"₦ 87,400 "
Apple ,IPhone 7 128GB 4.7 Inch Quad Core IOS 10 12MP Camera Smartphone (Rose Gold),"₦ 106,750 "
Apple ,IPhone 7 Plus Mobile Phone - 256GB - 3D Touch Technology - 5.5 Inch IOS 10 - Smartphone - Jet Black,"₦ 173,900 "
Apple ,IPhone 5C 8GB Yellow 4G LTE  4-inch Screen (Gift：accessories) Smart Phone,"₦ 25,100 "
Apple ,IPhone 6 32GB 4.7 Inch IOS Smartphone (Refurbished) - Black,"₦ 49,990 "
Apple ,IPhone 6 Plus 64GB Grey 4G - Fingerprint Unlock  5.5-inch Screen (Gift：accessories)(Refurbished),"₦ 93,500 "
Apple ,IPhone 5S 16GB Gold  4G LTE Fingerprint Unlock  4-inch Screen (Gift：accessories),"₦ 29,999 "
